{
  "type": "FeatureCollection",
  "generator": "overpass-turbo",
  "copyright": "The data included in this document is from www.openstreetmap.org. The data is made available under ODbL.",
  "timestamp": "2025-12-29T19:19:45Z",
  "features": [
    {
      "type": "Feature",
      "properties": {
        "@id": "way/285657454",
        "name": "Pulau Matikan",
        "natural": "coastline",
        "place": "islet"
      },
      "geometry": {
        "type": "Polygon",
        "coordinates": [
          [
            [
              113.5781957,
              -8.4418756
            ],
            [
              113.5782936,
              -8.4419432
            ],
            [
              113.578409,
              -8.4420281
            ],
            [
              113.5785417,
              -8.4421157
            ],
            [
              113.5786289,
              -8.4421356
            ],
            [
              113.5787067,
              -8.4421369
            ],
            [
              113.5787442,
              -8.4421249
            ],
            [
              113.5787657,
              -8.4420958
            ],
            [
              113.5787764,
              -8.4420573
            ],
            [
              113.5787858,
              -8.4419989
            ],
            [
              113.5787992,
              -8.4419618
            ],
            [
              113.5788327,
              -8.4419233
            ],
            [
              113.5788998,
              -8.4418702
            ],
            [
              113.57905,
              -8.4417933
            ],
            [
              113.5791627,
              -8.4417548
            ],
            [
              113.5792311,
              -8.4417522
            ],
            [
              113.5792901,
              -8.4417628
            ],
            [
              113.5793665,
              -8.4417747
            ],
            [
              113.5794362,
              -8.4417747
            ],
            [
              113.5795046,
              -8.4417535
            ],
            [
              113.5795435,
              -8.441731
            ],
            [
              113.5795636,
              -8.4417031
            ],
            [
              113.5796066,
              -8.4416474
            ],
            [
              113.5796455,
              -8.4416195
            ],
            [
              113.5796763,
              -8.4416142
            ],
            [
              113.5797353,
              -8.4416182
            ],
            [
              113.5799003,
              -8.4416301
            ],
            [
              113.5800196,
              -8.4416487
            ],
            [
              113.5801175,
              -8.4416527
            ],
            [
              113.5801792,
              -8.4416633
            ],
            [
              113.5802302,
              -8.4416726
            ],
            [
              113.5802637,
              -8.441666
            ],
            [
              113.5802972,
              -8.4416381
            ],
            [
              113.580316,
              -8.4416036
            ],
            [
              113.5803187,
              -8.4415505
            ],
            [
              113.5803066,
              -8.4414258
            ],
            [
              113.5802744,
              -8.441268
            ],
            [
              113.580265,
              -8.4411844
            ],
            [
              113.5802557,
              -8.4411234
            ],
            [
              113.5802288,
              -8.441061
            ],
            [
              113.5801846,
              -8.4409974
            ],
            [
              113.5801336,
              -8.4409443
            ],
            [
              113.5799606,
              -8.4407931
            ],
            [
              113.5798949,
              -8.4406976
            ],
            [
              113.5798815,
              -8.4406551
            ],
            [
              113.5798882,
              -8.44061
            ],
            [
              113.579911,
              -8.4405821
            ],
            [
              113.5799485,
              -8.4405675
            ],
            [
              113.5799747,
              -8.4405543
            ],
            [
              113.5799874,
              -8.4405364
            ],
            [
              113.5799928,
              -8.4405165
            ],
            [
              113.5799908,
              -8.4404767
            ],
            [
              113.579978,
              -8.4404375
            ],
            [
              113.5799633,
              -8.4404017
            ],
            [
              113.5799271,
              -8.4403513
            ],
            [
              113.5798641,
              -8.4403235
            ],
            [
              113.5797803,
              -8.4403208
            ],
            [
              113.5795502,
              -8.4403367
            ],
            [
              113.5792552,
              -8.4403513
            ],
            [
              113.5791653,
              -8.4403672
            ],
            [
              113.5790554,
              -8.4403832
            ],
            [
              113.5789709,
              -8.4404097
            ],
            [
              113.578881,
              -8.4404521
            ],
            [
              113.5788059,
              -8.4405185
            ],
            [
              113.5787375,
              -8.4405914
            ],
            [
              113.5786785,
              -8.4406259
            ],
            [
              113.5786249,
              -8.4406432
            ],
            [
              113.5785753,
              -8.4406418
            ],
            [
              113.5784894,
              -8.4406113
            ],
            [
              113.5784291,
              -8.4405874
            ],
            [
              113.5783634,
              -8.4405835
            ],
            [
              113.578303,
              -8.4405981
            ],
            [
              113.5782453,
              -8.4406259
            ],
            [
              113.5782038,
              -8.440667
            ],
            [
              113.5781541,
              -8.440732
            ],
            [
              113.5781287,
              -8.4408222
            ],
            [
              113.5781126,
              -8.440935
            ],
            [
              113.5781112,
              -8.4409987
            ],
            [
              113.5781092,
              -8.4410431
            ],
            [
              113.5781032,
              -8.441059
            ],
            [
              113.5780824,
              -8.4410869
            ],
            [
              113.5780522,
              -8.4411114
            ],
            [
              113.5779905,
              -8.4411486
            ],
            [
              113.5779369,
              -8.4411871
            ],
            [
              113.5779047,
              -8.4412308
            ],
            [
              113.5778913,
              -8.4412706
            ],
            [
              113.5778873,
              -8.441329
            ],
            [
              113.577898,
              -8.4413675
            ],
            [
              113.5779355,
              -8.4414059
            ],
            [
              113.5779811,
              -8.4414192
            ],
            [
              113.5780764,
              -8.4414139
            ],
            [
              113.5781166,
              -8.4414179
            ],
            [
              113.5781448,
              -8.4414404
            ],
            [
              113.5781595,
              -8.4414696
            ],
            [
              113.5781595,
              -8.4414988
            ],
            [
              113.5781381,
              -8.4415492
            ],
            [
              113.5780911,
              -8.4416275
            ],
            [
              113.5780817,
              -8.4416978
            ],
            [
              113.5780884,
              -8.4417509
            ],
            [
              113.5781233,
              -8.4418026
            ],
            [
              113.5781957,
              -8.4418756
            ]
          ]
        ]
      },
      "id": "way/285657454"
    },
    {
      "type": "Feature",
      "properties": {
        "@id": "way/884984853",
        "name": "Pulau Singe",
        "natural": "coastline",
        "place": "islet"
      },
      "geometry": {
        "type": "Polygon",
        "coordinates": [
          [
            [
              113.7447207,
              -8.5444193
            ],
            [
              113.7450063,
              -8.544471
            ],
            [
              113.7451042,
              -8.5444843
            ],
            [
              113.7451994,
              -8.5444896
            ],
            [
              113.7452933,
              -8.544475
            ],
            [
              113.7453738,
              -8.5444379
            ],
            [
              113.7454784,
              -8.5443862
            ],
            [
              113.7457386,
              -8.5442761
            ],
            [
              113.7458351,
              -8.5442177
            ],
            [
              113.7458821,
              -8.5441687
            ],
            [
              113.745929,
              -8.5440825
            ],
            [
              113.7459612,
              -8.543975
            ],
            [
              113.7459813,
              -8.5439286
            ],
            [
              113.7460028,
              -8.5439021
            ],
            [
              113.7460363,
              -8.5438888
            ],
            [
              113.7460792,
              -8.5438968
            ],
            [
              113.7461489,
              -8.5439286
            ],
            [
              113.7462294,
              -8.543979
            ],
            [
              113.7462991,
              -8.5440029
            ],
            [
              113.746393,
              -8.5440135
            ],
            [
              113.7465379,
              -8.543987
            ],
            [
              113.7466747,
              -8.5439631
            ],
            [
              113.7467632,
              -8.5439578
            ],
            [
              113.7468517,
              -8.543975
            ],
            [
              113.7470233,
              -8.5440241
            ],
            [
              113.7471333,
              -8.5440586
            ],
            [
              113.747254,
              -8.5440745
            ],
            [
              113.747305,
              -8.5440559
            ],
            [
              113.7473345,
              -8.5440108
            ],
            [
              113.7473345,
              -8.5439578
            ],
            [
              113.7473077,
              -8.5438928
            ],
            [
              113.7472808,
              -8.5438504
            ],
            [
              113.7472513,
              -8.5437854
            ],
            [
              113.7472057,
              -8.5436475
            ],
            [
              113.7471843,
              -8.5435162
            ],
            [
              113.7471722,
              -8.5434313
            ],
            [
              113.7471615,
              -8.5433703
            ],
            [
              113.7471387,
              -8.5432987
            ],
            [
              113.7470944,
              -8.5432151
            ],
            [
              113.7470864,
              -8.5431382
            ],
            [
              113.7470984,
              -8.5430918
            ],
            [
              113.7471253,
              -8.5430586
            ],
            [
              113.7471393,
              -8.5430526
            ],
            [
              113.7471635,
              -8.543052
            ],
            [
              113.7471796,
              -8.5430586
            ],
            [
              113.7471977,
              -8.5430745
            ],
            [
              113.7472326,
              -8.5431342
            ],
            [
              113.7472714,
              -8.5432337
            ],
            [
              113.7473063,
              -8.5433318
            ],
            [
              113.7473358,
              -8.5434313
            ],
            [
              113.7473546,
              -8.543475
            ],
            [
              113.7473707,
              -8.5434956
            ],
            [
              113.7473888,
              -8.5435075
            ],
            [
              113.7474015,
              -8.5435122
            ],
            [
              113.7474176,
              -8.5435062
            ],
            [
              113.7474277,
              -8.5434916
            ],
            [
              113.7474331,
              -8.5434731
            ],
            [
              113.7474324,
              -8.5434512
            ],
            [
              113.7473962,
              -8.5433252
            ],
            [
              113.7473801,
              -8.5432721
            ],
            [
              113.7473774,
              -8.5432164
            ],
            [
              113.7473747,
              -8.5431607
            ],
            [
              113.7473707,
              -8.5431156
            ],
            [
              113.7473586,
              -8.5430957
            ],
            [
              113.7473264,
              -8.5430705
            ],
            [
              113.7472607,
              -8.5430308
            ],
            [
              113.7471789,
              -8.5429976
            ],
            [
              113.7471554,
              -8.5429824
            ],
            [
              113.7471434,
              -8.5429585
            ],
            [
              113.7471239,
              -8.5429194
            ],
            [
              113.747085,
              -8.5428756
            ],
            [
              113.7470683,
              -8.5428637
            ],
            [
              113.7470435,
              -8.5428544
            ],
            [
              113.747026,
              -8.5428461
            ],
            [
              113.7470153,
              -8.5428378
            ],
            [
              113.7470099,
              -8.5428239
            ],
            [
              113.7470099,
              -8.5428113
            ],
            [
              113.7470233,
              -8.542792
            ],
            [
              113.7470394,
              -8.5427847
            ],
            [
              113.7470562,
              -8.5427854
            ],
            [
              113.7470877,
              -8.5427987
            ],
            [
              113.7471333,
              -8.5428298
            ],
            [
              113.747187,
              -8.542867
            ],
            [
              113.7472366,
              -8.5429147
            ],
            [
              113.7472614,
              -8.5429525
            ],
            [
              113.7472728,
              -8.5429737
            ],
            [
              113.7472855,
              -8.5429883
            ],
            [
              113.7473077,
              -8.5429996
            ],
            [
              113.7473378,
              -8.5430009
            ],
            [
              113.7473506,
              -8.5429923
            ],
            [
              113.7473579,
              -8.542983
            ],
            [
              113.7473613,
              -8.5429644
            ],
            [
              113.7473586,
              -8.5429465
            ],
            [
              113.7473459,
              -8.5429207
            ],
            [
              113.747305,
              -8.5428723
            ],
            [
              113.7472426,
              -8.5428172
            ],
            [
              113.7471689,
              -8.5427595
            ],
            [
              113.7471548,
              -8.5427529
            ],
            [
              113.7471206,
              -8.542733
            ],
            [
              113.7471098,
              -8.5427145
            ],
            [
              113.7471092,
              -8.5427012
            ],
            [
              113.7471166,
              -8.5426912
            ],
            [
              113.747132,
              -8.5426866
            ],
            [
              113.7471635,
              -8.5426899
            ],
            [
              113.7471957,
              -8.5427032
            ],
            [
              113.7472466,
              -8.5427198
            ],
            [
              113.7472969,
              -8.5427297
            ],
            [
              113.7473298,
              -8.5427317
            ],
            [
              113.7473512,
              -8.5427224
            ],
            [
              113.7473579,
              -8.5427105
            ],
            [
              113.7473626,
              -8.5426912
            ],
            [
              113.7473653,
              -8.542668
            ],
            [
              113.7473593,
              -8.5426408
            ],
            [
              113.7473392,
              -8.542617
            ],
            [
              113.7473003,
              -8.5425958
            ],
            [
              113.7472668,
              -8.5425878
            ],
            [
              113.7472359,
              -8.5425712
            ],
            [
              113.7472285,
              -8.5425533
            ],
            [
              113.7472245,
              -8.5425261
            ],
            [
              113.7472259,
              -8.5425049
            ],
            [
              113.7472346,
              -8.5424883
            ],
            [
              113.7472567,
              -8.5424764
            ],
            [
              113.7472721,
              -8.5424658
            ],
            [
              113.7472822,
              -8.5424539
            ],
            [
              113.7472909,
              -8.5424326
            ],
            [
              113.7473043,
              -8.5424141
            ],
            [
              113.7473217,
              -8.5424048
            ],
            [
              113.7473412,
              -8.5424074
            ],
            [
              113.747364,
              -8.5424187
            ],
            [
              113.7473821,
              -8.5424413
            ],
            [
              113.7473962,
              -8.5424678
            ],
            [
              113.7474149,
              -8.542493
            ],
            [
              113.7474344,
              -8.5425049
            ],
            [
              113.7474505,
              -8.5425076
            ],
            [
              113.74748,
              -8.5425023
            ],
            [
              113.7474988,
              -8.542491
            ],
            [
              113.7475088,
              -8.5424791
            ],
            [
              113.7475142,
              -8.5424665
            ],
            [
              113.7475115,
              -8.5424512
            ],
            [
              113.7474941,
              -8.5424313
            ],
            [
              113.7474605,
              -8.5424094
            ],
            [
              113.7474096,
              -8.5423809
            ],
            [
              113.7473345,
              -8.5423371
            ],
            [
              113.7472929,
              -8.542308
            ],
            [
              113.7472513,
              -8.5422675
            ],
            [
              113.7472017,
              -8.5422244
            ],
            [
              113.7471655,
              -8.5421919
            ],
            [
              113.74714,
              -8.5421813
            ],
            [
              113.7471226,
              -8.54218
            ],
            [
              113.7471065,
              -8.5421806
            ],
            [
              113.7470971,
              -8.5421853
            ],
            [
              113.7470891,
              -8.5422052
            ],
            [
              113.7470904,
              -8.5422364
            ],
            [
              113.7470924,
              -8.5422874
            ],
            [
              113.7470911,
              -8.5423133
            ],
            [
              113.747083,
              -8.5423365
            ],
            [
              113.7470669,
              -8.5423544
            ],
            [
              113.7470381,
              -8.542357
            ],
            [
              113.7470193,
              -8.5423504
            ],
            [
              113.7470012,
              -8.5423332
            ],
            [
              113.7469845,
              -8.5423172
            ],
            [
              113.7469617,
              -8.542308
            ],
            [
              113.7469362,
              -8.542308
            ],
            [
              113.7468906,
              -8.5423186
            ],
            [
              113.7468624,
              -8.5423411
            ],
            [
              113.7468275,
              -8.5423915
            ],
            [
              113.7468128,
              -8.542426
            ],
            [
              113.7468101,
              -8.5424684
            ],
            [
              113.7468101,
              -8.5425294
            ],
            [
              113.7467967,
              -8.5425905
            ],
            [
              113.7467672,
              -8.5426727
            ],
            [
              113.7467377,
              -8.5427337
            ],
            [
              113.7467216,
              -8.5427536
            ],
            [
              113.7466894,
              -8.5427615
            ],
            [
              113.746621,
              -8.5427443
            ],
            [
              113.7465754,
              -8.5427469
            ],
            [
              113.7465124,
              -8.5427708
            ],
            [
              113.7464708,
              -8.5427934
            ],
            [
              113.746446,
              -8.5428119
            ],
            [
              113.7464292,
              -8.5428398
            ],
            [
              113.7464279,
              -8.5428782
            ],
            [
              113.746448,
              -8.5429379
            ],
            [
              113.7464815,
              -8.542995
            ],
            [
              113.7465258,
              -8.543044
            ],
            [
              113.7465794,
              -8.5430918
            ],
            [
              113.7466076,
              -8.5431422
            ],
            [
              113.7466063,
              -8.543174
            ],
            [
              113.7465969,
              -8.5432151
            ],
            [
              113.74657,
              -8.5432589
            ],
            [
              113.7465419,
              -8.5432801
            ],
            [
              113.7465151,
              -8.5432748
            ],
            [
              113.7464748,
              -8.5432244
            ],
            [
              113.7464426,
              -8.5431979
            ],
            [
              113.7463997,
              -8.5431859
            ],
            [
              113.7463447,
              -8.5431873
            ],
            [
              113.7462737,
              -8.5432045
            ],
            [
              113.7461972,
              -8.5432323
            ],
            [
              113.7461168,
              -8.543243
            ],
            [
              113.7459974,
              -8.5432456
            ],
            [
              113.7458566,
              -8.5432668
            ],
            [
              113.7457453,
              -8.543304
            ],
            [
              113.7456152,
              -8.5433689
            ],
            [
              113.7455347,
              -8.5434154
            ],
            [
              113.7454864,
              -8.5434737
            ],
            [
              113.7454623,
              -8.5435414
            ],
            [
              113.7454408,
              -8.543609
            ],
            [
              113.7454167,
              -8.5436528
            ],
            [
              113.7453644,
              -8.5437045
            ],
            [
              113.7453027,
              -8.5437708
            ],
            [
              113.7452598,
              -8.5438291
            ],
            [
              113.7451941,
              -8.5439299
            ],
            [
              113.7451485,
              -8.543983
            ],
            [
              113.7450895,
              -8.5440294
            ],
            [
              113.7450305,
              -8.5440586
            ],
            [
              113.7449634,
              -8.5440692
            ],
            [
              113.744899,
              -8.5440745
            ],
            [
              113.7448601,
              -8.5440864
            ],
            [
              113.7448105,
              -8.5441196
            ],
            [
              113.7447341,
              -8.5441461
            ],
            [
              113.7446563,
              -8.5441634
            ],
            [
              113.7446147,
              -8.5441819
            ],
            [
              113.7445731,
              -8.5442323
            ],
            [
              113.744541,
              -8.5443013
            ],
            [
              113.7445369,
              -8.5443397
            ],
            [
              113.7445477,
              -8.5443702
            ],
            [
              113.7445772,
              -8.5443875
            ],
            [
              113.7447207,
              -8.5444193
            ]
          ]
        ]
      },
      "id": "way/884984853"
    },
    {
      "type": "Feature",
      "properties": {
        "@id": "way/884987368",
        "name": "Pulau Bandialit",
        "natural": "coastline",
        "place": "islet"
      },
      "geometry": {
        "type": "Polygon",
        "coordinates": [
          [
            [
              113.7038237,
              -8.5325548
            ],
            [
              113.7037808,
              -8.5326131
            ],
            [
              113.7037593,
              -8.5327007
            ],
            [
              113.7038076,
              -8.5327882
            ],
            [
              113.7038773,
              -8.5328333
            ],
            [
              113.7039739,
              -8.5328412
            ],
            [
              113.7040785,
              -8.5328121
            ],
            [
              113.704226,
              -8.5327431
            ],
            [
              113.7043413,
              -8.5326874
            ],
            [
              113.7045211,
              -8.532645
            ],
            [
              113.7047705,
              -8.5325919
            ],
            [
              113.7049261,
              -8.5325893
            ],
            [
              113.7051219,
              -8.5325813
            ],
            [
              113.7052372,
              -8.5325707
            ],
            [
              113.7053847,
              -8.5325282
            ],
            [
              113.7054947,
              -8.5324487
            ],
            [
              113.7058032,
              -8.5322842
            ],
            [
              113.7059265,
              -8.532255
            ],
            [
              113.7059936,
              -8.532263
            ],
            [
              113.7060365,
              -8.5322895
            ],
            [
              113.7061036,
              -8.5323664
            ],
            [
              113.706176,
              -8.5324619
            ],
            [
              113.7062323,
              -8.5324991
            ],
            [
              113.7063557,
              -8.5325123
            ],
            [
              113.7065005,
              -8.5324831
            ],
            [
              113.7067634,
              -8.5324699
            ],
            [
              113.7070182,
              -8.5324805
            ],
            [
              113.7071791,
              -8.5324752
            ],
            [
              113.7073213,
              -8.5324831
            ],
            [
              113.7074286,
              -8.5324991
            ],
            [
              113.7076271,
              -8.5325548
            ],
            [
              113.7077853,
              -8.5326317
            ],
            [
              113.7079623,
              -8.5327484
            ],
            [
              113.7080555,
              -8.5328207
            ],
            [
              113.7080891,
              -8.5328525
            ],
            [
              113.7081394,
              -8.5329182
            ],
            [
              113.7081689,
              -8.5329898
            ],
            [
              113.7082198,
              -8.5330481
            ],
            [
              113.7082507,
              -8.5330601
            ],
            [
              113.7083003,
              -8.5330614
            ],
            [
              113.7083673,
              -8.5330349
            ],
            [
              113.7084478,
              -8.5329924
            ],
            [
              113.708484,
              -8.5329845
            ],
            [
              113.708531,
              -8.5329977
            ],
            [
              113.7085873,
              -8.5330243
            ],
            [
              113.7086892,
              -8.5331091
            ],
            [
              113.7088394,
              -8.5332312
            ],
            [
              113.7089789,
              -8.533332
            ],
            [
              113.7090862,
              -8.5333691
            ],
            [
              113.7091666,
              -8.5334089
            ],
            [
              113.7092122,
              -8.5334593
            ],
            [
              113.7093061,
              -8.5335548
            ],
            [
              113.7094161,
              -8.5336609
            ],
            [
              113.7094858,
              -8.5337007
            ],
            [
              113.7095341,
              -8.5337113
            ],
            [
              113.709577,
              -8.533698
            ],
            [
              113.709628,
              -8.5336423
            ],
            [
              113.7097178,
              -8.5335415
            ],
            [
              113.7097675,
              -8.5334951
            ],
            [
              113.7098157,
              -8.5334633
            ],
            [
              113.7099043,
              -8.5334221
            ],
            [
              113.7099713,
              -8.5333691
            ],
            [
              113.7100062,
              -8.5333213
            ],
            [
              113.7100357,
              -8.5332152
            ],
            [
              113.7100437,
              -8.5331198
            ],
            [
              113.710025,
              -8.5329102
            ],
            [
              113.7099928,
              -8.5327696
            ],
            [
              113.7099472,
              -8.5326423
            ],
            [
              113.7098265,
              -8.5323956
            ],
            [
              113.7096789,
              -8.5321277
            ],
            [
              113.7095502,
              -8.5319235
            ],
            [
              113.7093651,
              -8.5317192
            ],
            [
              113.7092552,
              -8.5316078
            ],
            [
              113.7091506,
              -8.5315229
            ],
            [
              113.7089977,
              -8.5314327
            ],
            [
              113.7088099,
              -8.531377
            ],
            [
              113.7086543,
              -8.5313558
            ],
            [
              113.7084827,
              -8.5313558
            ],
            [
              113.7082627,
              -8.5313426
            ],
            [
              113.7080643,
              -8.5312763
            ],
            [
              113.7078819,
              -8.5311595
            ],
            [
              113.7077987,
              -8.5310879
            ],
            [
              113.7077236,
              -8.5310375
            ],
            [
              113.707611,
              -8.5309885
            ],
            [
              113.7075198,
              -8.5309739
            ],
            [
              113.7074272,
              -8.5309765
            ],
            [
              113.7073119,
              -8.5309579
            ],
            [
              113.7072408,
              -8.5309354
            ],
            [
              113.7071818,
              -8.5309221
            ],
            [
              113.7071429,
              -8.5309235
            ],
            [
              113.7070584,
              -8.5309593
            ],
            [
              113.7069149,
              -8.5310083
            ],
            [
              113.7068734,
              -8.5310216
            ],
            [
              113.7068278,
              -8.5310123
            ],
            [
              113.7067889,
              -8.5309858
            ],
            [
              113.70675,
              -8.5309354
            ],
            [
              113.7067164,
              -8.5308916
            ],
            [
              113.7066776,
              -8.5308572
            ],
            [
              113.7065783,
              -8.5308174
            ],
            [
              113.7064442,
              -8.5308147
            ],
            [
              113.7062699,
              -8.5308731
            ],
            [
              113.706066,
              -8.5309739
            ],
            [
              113.7059131,
              -8.5310561
            ],
            [
              113.7058005,
              -8.5311171
            ],
            [
              113.7056905,
              -8.5311357
            ],
            [
              113.705602,
              -8.5311436
            ],
            [
              113.7055188,
              -8.5311701
            ],
            [
              113.7054115,
              -8.5312418
            ],
            [
              113.7052345,
              -8.531332
            ],
            [
              113.7050146,
              -8.5314115
            ],
            [
              113.7047678,
              -8.531507
            ],
            [
              113.7046176,
              -8.5316184
            ],
            [
              113.7044942,
              -8.5318094
            ],
            [
              113.7043869,
              -8.5320587
            ],
            [
              113.7043226,
              -8.5321834
            ],
            [
              113.7042716,
              -8.532263
            ],
            [
              113.704218,
              -8.532332
            ],
            [
              113.7041643,
              -8.5323757
            ],
            [
              113.7040611,
              -8.5324129
            ],
            [
              113.7039766,
              -8.532442
            ],
            [
              113.7038237,
              -8.5325548
            ]
          ]
        ]
      },
      "id": "way/884987368"
    },
    {
      "type": "Feature",
      "properties": {
        "@id": "way/102458425",
        "natural": "coastline",
        "source": "Bing"
      },
      "geometry": {
        "type": "LineString",
        "coordinates": [
          [
            113.3036873,
            -8.3068705
          ],
          [
            113.3053172,
            -8.3079613
          ],
          [
            113.3060145,
            -8.3082798
          ],
          [
            113.307302,
            -8.3084391
          ],
          [
            113.3082247,
            -8.3085346
          ],
          [
            113.3086538,
            -8.3087682
          ],
          [
            113.3091366,
            -8.309299
          ],
          [
            113.309952,
            -8.3105729
          ],
          [
            113.3104133,
            -8.3109869
          ],
          [
            113.311615,
            -8.3117195
          ],
          [
            113.3190447,
            -8.3158173
          ],
          [
            113.3203912,
            -8.3166612
          ],
          [
            113.3222151,
            -8.3178343
          ],
          [
            113.3236742,
            -8.3187367
          ],
          [
            113.3250099,
            -8.3196072
          ],
          [
            113.3262116,
            -8.3205042
          ],
          [
            113.3276224,
            -8.3215711
          ],
          [
            113.3288938,
            -8.3225159
          ],
          [
            113.3299935,
            -8.3233758
          ],
          [
            113.3325469,
            -8.3255308
          ],
          [
            113.3364415,
            -8.329034
          ],
          [
            113.3432865,
            -8.3351167
          ],
          [
            113.3462047,
            -8.3377918
          ],
          [
            113.3519554,
            -8.3432693
          ],
          [
            113.3599073,
            -8.3501787
          ],
          [
            113.3730186,
            -8.3689646
          ],
          [
            113.3798276,
            -8.3842972
          ],
          [
            113.3825495,
            -8.3905659
          ],
          [
            113.3850431,
            -8.3957478
          ],
          [
            113.3868778,
            -8.3992928
          ],
          [
            113.3877361,
            -8.4002799
          ],
          [
            113.3885193,
            -8.4006089
          ],
          [
            113.3895707,
            -8.4007787
          ],
          [
            113.3911478,
            -8.4007257
          ],
          [
            113.3921027,
            -8.4005028
          ],
          [
            113.3932891,
            -8.399978
          ],
          [
            113.3994895,
            -8.3956045
          ],
          [
            113.4027135,
            -8.3932748
          ],
          [
            113.4046447,
            -8.3919268
          ],
          [
            113.412745,
            -8.3871505
          ],
          [
            113.4197083,
            -8.3832506
          ],
          [
            113.4203834,
            -8.3829245
          ],
          [
            113.4251261,
            -8.3808138
          ],
          [
            113.4263921,
            -8.3804636
          ],
          [
            113.4297395,
            -8.3796463
          ],
          [
            113.433398,
            -8.3789245
          ],
          [
            113.4378934,
            -8.3781709
          ],
          [
            113.4436977,
            -8.3779267
          ],
          [
            113.4495323,
            -8.3778835
          ],
          [
            113.4564543,
            -8.3787653
          ],
          [
            113.4594583,
            -8.3793809
          ],
          [
            113.4638743,
            -8.3807314
          ],
          [
            113.470906,
            -8.3828942
          ],
          [
            113.4724831,
            -8.3833188
          ],
          [
            113.4745002,
            -8.3843377
          ],
          [
            113.4753477,
            -8.3851657
          ],
          [
            113.4757715,
            -8.3858343
          ],
          [
            113.475852,
            -8.3860254
          ],
          [
            113.4758842,
            -8.3871611
          ],
          [
            113.4758124,
            -8.387871
          ],
          [
            113.4758037,
            -8.3879572
          ],
          [
            113.4757394,
            -8.3884613
          ],
          [
            113.475616,
            -8.3888275
          ],
          [
            113.4753799,
            -8.3891672
          ],
          [
            113.4752673,
            -8.3895387
          ],
          [
            113.4752512,
            -8.3898146
          ],
          [
            113.4754229,
            -8.3912157
          ],
          [
            113.4754926,
            -8.3919958
          ],
          [
            113.475514,
            -8.3927653
          ],
          [
            113.4755087,
            -8.3939435
          ],
          [
            113.4755409,
            -8.3942937
          ],
          [
            113.475616,
            -8.3945007
          ],
          [
            113.4759271,
            -8.3947926
          ],
          [
            113.4760451,
            -8.3950791
          ],
          [
            113.4762382,
            -8.3959442
          ],
          [
            113.4762919,
            -8.3960556
          ],
          [
            113.4763724,
            -8.3961352
          ],
          [
            113.4767023,
            -8.396244
          ],
          [
            113.4767854,
            -8.3963687
          ],
          [
            113.4767854,
            -8.3965279
          ],
          [
            113.4767425,
            -8.3966739
          ],
          [
            113.4765306,
            -8.3969445
          ],
          [
            113.4763429,
            -8.3970984
          ],
          [
            113.4758922,
            -8.3973346
          ],
          [
            113.4757099,
            -8.3974354
          ],
          [
            113.4754121,
            -8.3976875
          ],
          [
            113.4752727,
            -8.3979024
          ],
          [
            113.4752351,
            -8.398051
          ],
          [
            113.4753022,
            -8.3982315
          ],
          [
            113.4754711,
            -8.3984835
          ],
          [
            113.4756213,
            -8.398595
          ],
          [
            113.4757474,
            -8.3986135
          ],
          [
            113.4761739,
            -8.3986135
          ],
          [
            113.4763858,
            -8.3986799
          ],
          [
            113.4765413,
            -8.3988073
          ],
          [
            113.4768605,
            -8.3991177
          ],
          [
            113.477059,
            -8.3993724
          ],
          [
            113.4771502,
            -8.3994175
          ],
          [
            113.477515,
            -8.3994892
          ],
          [
            113.4779066,
            -8.3996006
          ],
          [
            113.4782714,
            -8.3998023
          ],
          [
            113.478722,
            -8.4001844
          ],
          [
            113.4793121,
            -8.4008212
          ],
          [
            113.4796607,
            -8.4014846
          ],
          [
            113.4799397,
            -8.4028219
          ],
          [
            113.4799075,
            -8.4030713
          ],
          [
            113.4797412,
            -8.4032305
          ],
          [
            113.479076,
            -8.4035755
          ],
          [
            113.4785074,
            -8.40374
          ],
          [
            113.4783357,
            -8.4038249
          ],
          [
            113.4782419,
            -8.4039257
          ],
          [
            113.4782419,
            -8.4040372
          ],
          [
            113.4784591,
            -8.4042972
          ],
          [
            113.4789473,
            -8.4045148
          ],
          [
            113.4791511,
            -8.4047058
          ],
          [
            113.4792423,
            -8.4049605
          ],
          [
            113.479237,
            -8.4052842
          ],
          [
            113.47919,
            -8.4054448
          ],
          [
            113.4791565,
            -8.4055151
          ],
          [
            113.4790935,
            -8.4055536
          ],
          [
            113.4789392,
            -8.4055708
          ],
          [
            113.4788816,
            -8.4056013
          ],
          [
            113.4788695,
            -8.4056385
          ],
          [
            113.478891,
            -8.405677
          ],
          [
            113.4789352,
            -8.4056969
          ],
          [
            113.4792276,
            -8.405677
          ],
          [
            113.4793389,
            -8.4057035
          ],
          [
            113.4794234,
            -8.4057579
          ],
          [
            113.4795038,
            -8.4058826
          ],
          [
            113.4797493,
            -8.4064969
          ],
          [
            113.4799826,
            -8.4072318
          ],
          [
            113.4799451,
            -8.4077466
          ],
          [
            113.4798109,
            -8.4083356
          ],
          [
            113.4797788,
            -8.4087283
          ],
          [
            113.4799182,
            -8.4095456
          ],
          [
            113.480401,
            -8.4109147
          ],
          [
            113.4810555,
            -8.4117638
          ],
          [
            113.4814095,
            -8.4121246
          ],
          [
            113.4818387,
            -8.412857
          ],
          [
            113.482182,
            -8.413377
          ],
          [
            113.4826648,
            -8.4137485
          ],
          [
            113.483094,
            -8.4138971
          ],
          [
            113.4837699,
            -8.4139077
          ],
          [
            113.4841347,
            -8.4140563
          ],
          [
            113.4846175,
            -8.4144277
          ],
          [
            113.4854865,
            -8.4154466
          ],
          [
            113.485862,
            -8.4156164
          ],
          [
            113.4869027,
            -8.4157756
          ],
          [
            113.4876537,
            -8.4157544
          ],
          [
            113.4882384,
            -8.415696
          ],
          [
            113.4883296,
            -8.415643
          ],
          [
            113.4884262,
            -8.4154838
          ],
          [
            113.4884155,
            -8.415298
          ],
          [
            113.4884101,
            -8.4149956
          ],
          [
            113.4884798,
            -8.4147833
          ],
          [
            113.4887266,
            -8.4146347
          ],
          [
            113.4894347,
            -8.4144437
          ],
          [
            113.4902769,
            -8.41412
          ],
          [
            113.4913284,
            -8.4138546
          ],
          [
            113.4932703,
            -8.4132338
          ],
          [
            113.4944397,
            -8.4129286
          ],
          [
            113.4948045,
            -8.4129127
          ],
          [
            113.4949735,
            -8.4129631
          ],
          [
            113.4951505,
            -8.4130852
          ],
          [
            113.4960061,
            -8.4140536
          ],
          [
            113.496379,
            -8.4143429
          ],
          [
            113.496497,
            -8.4143827
          ],
          [
            113.4967062,
            -8.4144012
          ],
          [
            113.4974679,
            -8.4143482
          ],
          [
            113.4977818,
            -8.4143402
          ],
          [
            113.4979132,
            -8.4143853
          ],
          [
            113.4980258,
            -8.4144596
          ],
          [
            113.4982055,
            -8.4146931
          ],
          [
            113.4985006,
            -8.4154466
          ],
          [
            113.4985167,
            -8.4159879
          ],
          [
            113.4986132,
            -8.4169272
          ],
          [
            113.4987205,
            -8.4172987
          ],
          [
            113.4988278,
            -8.417426
          ],
          [
            113.4989941,
            -8.4175003
          ],
          [
            113.4996915,
            -8.4174632
          ],
          [
            113.5008395,
            -8.4173411
          ],
          [
            113.5011855,
            -8.4173544
          ],
          [
            113.5012847,
            -8.4173995
          ],
          [
            113.5013893,
            -8.4175348
          ],
          [
            113.5016629,
            -8.4181185
          ],
          [
            113.5017782,
            -8.4182406
          ],
          [
            113.502017,
            -8.4183228
          ],
          [
            113.5022852,
            -8.4183494
          ],
          [
            113.5028189,
            -8.4183069
          ],
          [
            113.5029557,
            -8.4183308
          ],
          [
            113.5032213,
            -8.4184449
          ],
          [
            113.5040125,
            -8.4191852
          ],
          [
            113.5041547,
            -8.4192727
          ],
          [
            113.5042968,
            -8.4193046
          ],
          [
            113.5044846,
            -8.4192939
          ],
          [
            113.5047743,
            -8.4192754
          ],
          [
            113.5048601,
            -8.4193072
          ],
          [
            113.5049808,
            -8.4194133
          ],
          [
            113.5051256,
            -8.4198405
          ],
          [
            113.5051149,
            -8.4200103
          ],
          [
            113.5048038,
            -8.4209496
          ],
          [
            113.5046375,
            -8.4215015
          ],
          [
            113.5045463,
            -8.4219101
          ],
          [
            113.5045892,
            -8.422653
          ],
          [
            113.5046375,
            -8.4229183
          ],
          [
            113.5047019,
            -8.4230377
          ],
          [
            113.5049164,
            -8.4231784
          ],
          [
            113.5051578,
            -8.4231731
          ],
          [
            113.5057265,
            -8.422791
          ],
          [
            113.5060483,
            -8.4226424
          ],
          [
            113.5063755,
            -8.4225628
          ],
          [
            113.5076174,
            -8.4224514
          ],
          [
            113.5077703,
            -8.4223771
          ],
          [
            113.5078025,
            -8.4222975
          ],
          [
            113.5077837,
            -8.4221913
          ],
          [
            113.5075718,
            -8.4220162
          ],
          [
            113.507486,
            -8.4219313
          ],
          [
            113.5074753,
            -8.4218278
          ],
          [
            113.5074967,
            -8.4217031
          ],
          [
            113.507714,
            -8.4214723
          ],
          [
            113.5078374,
            -8.4213051
          ],
          [
            113.5078856,
            -8.4211911
          ],
          [
            113.5079098,
            -8.421008
          ],
          [
            113.5079822,
            -8.4204906
          ],
          [
            113.5080788,
            -8.4202783
          ],
          [
            113.5082048,
            -8.4201377
          ],
          [
            113.5085374,
            -8.4200316
          ],
          [
            113.5087064,
            -8.4200369
          ],
          [
            113.5088351,
            -8.4201244
          ],
          [
            113.5089424,
            -8.4203075
          ],
          [
            113.5092401,
            -8.4211035
          ],
          [
            113.5093005,
            -8.421203
          ],
          [
            113.5093984,
            -8.4212587
          ],
          [
            113.5097538,
            -8.4213436
          ],
          [
            113.5098705,
            -8.4214458
          ],
          [
            113.5099047,
            -8.4214962
          ],
          [
            113.5099375,
            -8.4215784
          ],
          [
            113.5101092,
            -8.421934
          ],
          [
            113.5102004,
            -8.4219977
          ],
          [
            113.5103345,
            -8.4220242
          ],
          [
            113.5108468,
            -8.4219764
          ],
          [
            113.5110131,
            -8.4219021
          ],
          [
            113.5112706,
            -8.4217297
          ],
          [
            113.5114852,
            -8.4214298
          ],
          [
            113.5115603,
            -8.4213874
          ],
          [
            113.5117373,
            -8.4213396
          ],
          [
            113.5119438,
            -8.4213529
          ],
          [
            113.5120726,
            -8.4214219
          ],
          [
            113.5122871,
            -8.4216607
          ],
          [
            113.5123703,
            -8.4217907
          ],
          [
            113.512617,
            -8.4221648
          ],
          [
            113.5128665,
            -8.4226397
          ],
          [
            113.5129872,
            -8.4231041
          ],
          [
            113.5130489,
            -8.4232367
          ],
          [
            113.51336,
            -8.4237727
          ],
          [
            113.5134941,
            -8.4239054
          ],
          [
            113.5136202,
            -8.4239531
          ],
          [
            113.5138991,
            -8.4240699
          ],
          [
            113.514044,
            -8.424184
          ],
          [
            113.5142425,
            -8.4245475
          ],
          [
            113.514559,
            -8.4250728
          ],
          [
            113.5146582,
            -8.4251365
          ],
          [
            113.5147789,
            -8.4251763
          ],
          [
            113.5154173,
            -8.4251842
          ],
          [
            113.5160986,
            -8.4251683
          ],
          [
            113.5162836,
            -8.4251206
          ],
          [
            113.5164607,
            -8.4250595
          ],
          [
            113.5167637,
            -8.4249375
          ],
          [
            113.5171178,
            -8.4248181
          ],
          [
            113.5172304,
            -8.4248181
          ],
          [
            113.5173458,
            -8.4248579
          ],
          [
            113.5176703,
            -8.425033
          ],
          [
            113.5178152,
            -8.4250834
          ],
          [
            113.5181263,
            -8.4251099
          ],
          [
            113.5182309,
            -8.425163
          ],
          [
            113.5182604,
            -8.4252267
          ],
          [
            113.5183114,
            -8.4254549
          ],
          [
            113.5183462,
            -8.4255185
          ],
          [
            113.5183999,
            -8.4255637
          ],
          [
            113.5187969,
            -8.4257308
          ],
          [
            113.5189202,
            -8.4258104
          ],
          [
            113.5190436,
            -8.4259404
          ],
          [
            113.519116,
            -8.4259696
          ],
          [
            113.5192341,
            -8.4259961
          ],
          [
            113.5196149,
            -8.4260054
          ],
          [
            113.5200025,
            -8.4259842
          ],
          [
            113.5200977,
            -8.4259776
          ],
          [
            113.5202077,
            -8.4260014
          ],
          [
            113.5202453,
            -8.4260651
          ],
          [
            113.5202318,
            -8.4261659
          ],
          [
            113.5202238,
            -8.4263862
          ],
          [
            113.5202493,
            -8.4264512
          ],
          [
            113.5203566,
            -8.4265944
          ],
          [
            113.5205457,
            -8.426739
          ],
          [
            113.5206342,
            -8.4267603
          ],
          [
            113.5207173,
            -8.4267497
          ],
          [
            113.5209882,
            -8.4266992
          ],
          [
            113.5211492,
            -8.4267099
          ],
          [
            113.5213852,
            -8.4267868
          ],
          [
            113.52153,
            -8.4269646
          ],
          [
            113.5216373,
            -8.4272723
          ],
          [
            113.5217634,
            -8.4276836
          ],
          [
            113.5218211,
            -8.4280139
          ],
          [
            113.5217942,
            -8.4282938
          ],
          [
            113.5217714,
            -8.4285486
          ],
          [
            113.5218231,
            -8.4287206
          ],
          [
            113.5218841,
            -8.4287661
          ],
          [
            113.5223293,
            -8.4288616
          ],
          [
            113.5227478,
            -8.4289518
          ],
          [
            113.5230777,
            -8.4289757
          ],
          [
            113.5231903,
            -8.4289704
          ],
          [
            113.5233164,
            -8.4288908
          ],
          [
            113.523429,
            -8.4287635
          ],
          [
            113.5235417,
            -8.4286706
          ],
          [
            113.5236543,
            -8.4285937
          ],
          [
            113.523767,
            -8.4285804
          ],
          [
            113.5238931,
            -8.428583
          ],
          [
            113.5240835,
            -8.4286043
          ],
          [
            113.5245717,
            -8.4287529
          ],
          [
            113.5247058,
            -8.4288404
          ],
          [
            113.524754,
            -8.4289306
          ],
          [
            113.5248131,
            -8.4290978
          ],
          [
            113.5248935,
            -8.4292331
          ],
          [
            113.5249794,
            -8.4292755
          ],
          [
            113.5251778,
            -8.4292835
          ],
          [
            113.5253374,
            -8.4293054
          ],
          [
            113.525442,
            -8.4293293
          ],
          [
            113.5255614,
            -8.4293419
          ],
          [
            113.5258779,
            -8.4293498
          ],
          [
            113.5260522,
            -8.4293896
          ],
          [
            113.5261434,
            -8.42944
          ],
          [
            113.526248,
            -8.4295674
          ],
          [
            113.5262742,
            -8.4296099
          ],
          [
            113.5263848,
            -8.429785
          ],
          [
            113.5264438,
            -8.4299548
          ],
          [
            113.5264143,
            -8.4302652
          ],
          [
            113.5264251,
            -8.4303501
          ],
          [
            113.526468,
            -8.4304085
          ],
          [
            113.5265887,
            -8.4304111
          ],
          [
            113.5268167,
            -8.4303926
          ],
          [
            113.5270742,
            -8.4303952
          ],
          [
            113.5271949,
            -8.4304191
          ],
          [
            113.5273424,
            -8.4305226
          ],
          [
            113.5275784,
            -8.4305756
          ],
          [
            113.5277608,
            -8.4305491
          ],
          [
            113.5279579,
            -8.4304642
          ],
          [
            113.5279928,
            -8.4303594
          ],
          [
            113.5279794,
            -8.4301975
          ],
          [
            113.5277849,
            -8.4298858
          ],
          [
            113.5277098,
            -8.4296682
          ],
          [
            113.5277259,
            -8.4295435
          ],
          [
            113.5278305,
            -8.4293949
          ],
          [
            113.5282355,
            -8.4292384
          ],
          [
            113.5284555,
            -8.4292437
          ],
          [
            113.5286862,
            -8.4293074
          ],
          [
            113.5288525,
            -8.4293551
          ],
          [
            113.5290322,
            -8.4294002
          ],
          [
            113.5292307,
            -8.4293817
          ],
          [
            113.5292977,
            -8.4293339
          ],
          [
            113.529515,
            -8.4289174
          ],
          [
            113.5295364,
            -8.4287555
          ],
          [
            113.5294935,
            -8.4285777
          ],
          [
            113.5294881,
            -8.4284
          ],
          [
            113.5295445,
            -8.4281347
          ],
          [
            113.5297188,
            -8.4275324
          ],
          [
            113.5297416,
            -8.427397
          ],
          [
            113.5297966,
            -8.4271689
          ],
          [
            113.5298476,
            -8.4271185
          ],
          [
            113.5299267,
            -8.4270972
          ],
          [
            113.5300755,
            -8.4271264
          ],
          [
            113.5303411,
            -8.4272936
          ],
          [
            113.5305583,
            -8.4273891
          ],
          [
            113.5309231,
            -8.4274899
          ],
          [
            113.5312074,
            -8.4275297
          ],
          [
            113.5314274,
            -8.4275987
          ],
          [
            113.5317224,
            -8.4277738
          ],
          [
            113.5318404,
            -8.4278799
          ],
          [
            113.5319048,
            -8.4280179
          ],
          [
            113.5319343,
            -8.428193
          ],
          [
            113.5318686,
            -8.4283323
          ],
          [
            113.5318686,
            -8.428392
          ],
          [
            113.5318941,
            -8.4284464
          ],
          [
            113.5320885,
            -8.4285472
          ],
          [
            113.5321636,
            -8.4285406
          ],
          [
            113.53222,
            -8.4285088
          ],
          [
            113.5323232,
            -8.4284703
          ],
          [
            113.5324064,
            -8.4284889
          ],
          [
            113.5324869,
            -8.4285393
          ],
          [
            113.5326853,
            -8.4287316
          ],
          [
            113.5328516,
            -8.4290049
          ],
          [
            113.5329992,
            -8.429127
          ],
          [
            113.5331199,
            -8.4291641
          ],
          [
            113.5332245,
            -8.4291455
          ],
          [
            113.5333961,
            -8.4290474
          ],
          [
            113.5336214,
            -8.4288563
          ],
          [
            113.5337368,
            -8.4288378
          ],
          [
            113.533828,
            -8.4288643
          ],
          [
            113.5339513,
            -8.4290129
          ],
          [
            113.5339916,
            -8.42918
          ],
          [
            113.5340264,
            -8.4293604
          ],
          [
            113.534064,
            -8.4294294
          ],
          [
            113.5341901,
            -8.4295382
          ],
          [
            113.5345978,
            -8.429785
          ],
          [
            113.5346889,
            -8.4297956
          ],
          [
            113.5349008,
            -8.429777
          ],
          [
            113.5350215,
            -8.4297876
          ],
          [
            113.5352495,
            -8.4298513
          ],
          [
            113.5353568,
            -8.4298301
          ],
          [
            113.5354507,
            -8.4297903
          ],
          [
            113.5357538,
            -8.4296258
          ],
          [
            113.5361561,
            -8.4294188
          ],
          [
            113.53636,
            -8.4293711
          ],
          [
            113.5364968,
            -8.4293631
          ],
          [
            113.5365906,
            -8.4294188
          ],
          [
            113.5367221,
            -8.4296656
          ],
          [
            113.5367918,
            -8.4297213
          ],
          [
            113.5368884,
            -8.4297399
          ],
          [
            113.537398,
            -8.429716
          ],
          [
            113.5374865,
            -8.4297133
          ],
          [
            113.5377574,
            -8.4296496
          ],
          [
            113.5379559,
            -8.4296337
          ],
          [
            113.538208,
            -8.429708
          ],
          [
            113.5384092,
            -8.4297584
          ],
          [
            113.5390019,
            -8.4297319
          ],
          [
            113.5392111,
            -8.4296682
          ],
          [
            113.5393989,
            -8.4294878
          ],
          [
            113.5396725,
            -8.4292039
          ],
          [
            113.5397959,
            -8.4291296
          ],
          [
            113.5398549,
            -8.4291256
          ],
          [
            113.5399273,
            -8.4291654
          ],
          [
            113.5400158,
            -8.4293472
          ],
          [
            113.5400628,
            -8.4293857
          ],
          [
            113.5401472,
            -8.4293883
          ],
          [
            113.5401875,
            -8.4293671
          ],
          [
            113.540217,
            -8.4293047
          ],
          [
            113.5402679,
            -8.4291535
          ],
          [
            113.540335,
            -8.4289916
          ],
          [
            113.5403806,
            -8.4289518
          ],
          [
            113.5404584,
            -8.4289492
          ],
          [
            113.5404919,
            -8.4289784
          ],
          [
            113.5405214,
            -8.4291217
          ],
          [
            113.5405469,
            -8.4292901
          ],
          [
            113.5405737,
            -8.4293087
          ],
          [
            113.5406113,
            -8.4293127
          ],
          [
            113.5406488,
            -8.4292968
          ],
          [
            113.5407628,
            -8.4292265
          ],
          [
            113.5408607,
            -8.4292344
          ],
          [
            113.5409237,
            -8.4292888
          ],
          [
            113.5409693,
            -8.4293684
          ],
          [
            113.5410082,
            -8.429586
          ],
          [
            113.5410538,
            -8.4296523
          ],
          [
            113.5411289,
            -8.4296788
          ],
          [
            113.5412952,
            -8.4296762
          ],
          [
            113.5414749,
            -8.429655
          ],
          [
            113.5415889,
            -8.4296576
          ],
          [
            113.5421167,
            -8.4297727
          ],
          [
            113.5421472,
            -8.4297744
          ],
          [
            113.542176,
            -8.4297594
          ],
          [
            113.5422742,
            -8.4296351
          ],
          [
            113.5423493,
            -8.4296099
          ],
          [
            113.5424204,
            -8.4296152
          ],
          [
            113.5424821,
            -8.4296404
          ],
          [
            113.5429689,
            -8.4298301
          ],
          [
            113.5433578,
            -8.4299229
          ],
          [
            113.5435268,
            -8.4299335
          ],
          [
            113.543618,
            -8.4298911
          ],
          [
            113.5436663,
            -8.4298115
          ],
          [
            113.5437252,
            -8.4296279
          ],
          [
            113.5438353,
            -8.4294931
          ],
          [
            113.5439828,
            -8.4294294
          ],
          [
            113.5441008,
            -8.429448
          ],
          [
            113.5441732,
            -8.4295064
          ],
          [
            113.5442564,
            -8.4296112
          ],
          [
            113.5443581,
            -8.4296505
          ],
          [
            113.544475,
            -8.429643
          ],
          [
            113.5449886,
            -8.4295555
          ],
          [
            113.545045,
            -8.4295143
          ],
          [
            113.5451305,
            -8.4293691
          ],
          [
            113.5452091,
            -8.4293496
          ],
          [
            113.5453491,
            -8.4293557
          ],
          [
            113.5454899,
            -8.4293745
          ],
          [
            113.5458292,
            -8.429523
          ],
          [
            113.5463351,
            -8.4296788
          ],
          [
            113.5470188,
            -8.4298658
          ],
          [
            113.5474476,
            -8.4299956
          ],
          [
            113.5477298,
            -8.4300874
          ],
          [
            113.5481235,
            -8.4301461
          ],
          [
            113.5483294,
            -8.4301725
          ],
          [
            113.5487518,
            -8.4302307
          ],
          [
            113.5491165,
            -8.4303023
          ],
          [
            113.5493003,
            -8.430366
          ],
          [
            113.5495162,
            -8.4307454
          ],
          [
            113.549676,
            -8.43139
          ],
          [
            113.5496503,
            -8.4320614
          ],
          [
            113.5496235,
            -8.4325019
          ],
          [
            113.5495698,
            -8.4327406
          ],
          [
            113.5495967,
            -8.4329423
          ],
          [
            113.5498166,
            -8.4332288
          ],
          [
            113.5505906,
            -8.4340199
          ],
          [
            113.5508767,
            -8.4342055
          ],
          [
            113.5514045,
            -8.4347757
          ],
          [
            113.5519007,
            -8.4354177
          ],
          [
            113.5521727,
            -8.435725
          ],
          [
            113.5523486,
            -8.4359285
          ],
          [
            113.5524063,
            -8.4359835
          ],
          [
            113.5524432,
            -8.4359941
          ],
          [
            113.5525089,
            -8.4359842
          ],
          [
            113.5526336,
            -8.4359596
          ],
          [
            113.5527176,
            -8.4359734
          ],
          [
            113.5528287,
            -8.4360359
          ],
          [
            113.552987,
            -8.436227
          ],
          [
            113.5530889,
            -8.4362641
          ],
          [
            113.5532364,
            -8.4362721
          ],
          [
            113.5533732,
            -8.4362137
          ],
          [
            113.5534912,
            -8.4360863
          ],
          [
            113.5535133,
            -8.4359746
          ],
          [
            113.5534925,
            -8.4357319
          ],
          [
            113.5535696,
            -8.4355703
          ],
          [
            113.5537281,
            -8.435262
          ],
          [
            113.5537292,
            -8.435181
          ],
          [
            113.5535741,
            -8.4348073
          ],
          [
            113.553455,
            -8.4342647
          ],
          [
            113.5533688,
            -8.4337174
          ],
          [
            113.5532876,
            -8.4327545
          ],
          [
            113.5534111,
            -8.4314937
          ],
          [
            113.5536826,
            -8.4305731
          ],
          [
            113.5539792,
            -8.4298348
          ],
          [
            113.5540789,
            -8.4297264
          ],
          [
            113.5541834,
            -8.4296381
          ],
          [
            113.5548143,
            -8.4293585
          ],
          [
            113.5549585,
            -8.4292709
          ],
          [
            113.555134,
            -8.4291465
          ],
          [
            113.555837,
            -8.4284415
          ],
          [
            113.5565836,
            -8.4276381
          ],
          [
            113.5574059,
            -8.4268844
          ],
          [
            113.5576474,
            -8.4267485
          ],
          [
            113.5579726,
            -8.4266551
          ],
          [
            113.5581352,
            -8.4266655
          ],
          [
            113.5582421,
            -8.4267643
          ],
          [
            113.5583366,
            -8.4267895
          ],
          [
            113.5585351,
            -8.4268147
          ],
          [
            113.5587403,
            -8.426808
          ],
          [
            113.5588369,
            -8.4267815
          ],
          [
            113.5589308,
            -8.4266873
          ],
          [
            113.5591695,
            -8.4265069
          ],
          [
            113.5593425,
            -8.4264817
          ],
          [
            113.5594819,
            -8.4264963
          ],
          [
            113.5597556,
            -8.4265566
          ],
          [
            113.5602584,
            -8.4265825
          ],
          [
            113.5604033,
            -8.4265268
          ],
          [
            113.5605508,
            -8.4263994
          ],
          [
            113.5606433,
            -8.4261832
          ],
          [
            113.5606487,
            -8.4261076
          ],
          [
            113.5606205,
            -8.4260465
          ],
          [
            113.5604744,
            -8.4258993
          ],
          [
            113.5604489,
            -8.4257839
          ],
          [
            113.5604482,
            -8.425636
          ],
          [
            113.5605052,
            -8.4255464
          ],
          [
            113.5607464,
            -8.4254235
          ],
          [
            113.5608675,
            -8.425353
          ],
          [
            113.5613421,
            -8.4251922
          ],
          [
            113.5626966,
            -8.4249269
          ],
          [
            113.5640216,
            -8.4247783
          ],
          [
            113.5656792,
            -8.424765
          ],
          [
            113.567102,
            -8.424844
          ],
          [
            113.5678866,
            -8.4249614
          ],
          [
            113.5691465,
            -8.4252795
          ],
          [
            113.5700941,
            -8.4255504
          ],
          [
            113.5710226,
            -8.4258026
          ]
        ]
      },
      "id": "way/102458425"
    },
    {
      "type": "Feature",
      "properties": {
        "@id": "way/180858177",
        "natural": "coastline",
        "source": "Bing"
      },
      "geometry": {
        "type": "LineString",
        "coordinates": [
          [
            113.7325338,
            -8.5148685
          ],
          [
            113.733084,
            -8.515105
          ],
          [
            113.7334676,
            -8.5153946
          ],
          [
            113.7336532,
            -8.5156556
          ],
          [
            113.7337934,
            -8.516092
          ],
          [
            113.7340945,
            -8.516663
          ],
          [
            113.7342842,
            -8.5172912
          ],
          [
            113.7344652,
            -8.518085
          ],
          [
            113.7345729,
            -8.518682
          ],
          [
            113.7346905,
            -8.5195811
          ],
          [
            113.7346798,
            -8.5198304
          ],
          [
            113.7345484,
            -8.5202973
          ],
          [
            113.734358,
            -8.52078
          ],
          [
            113.7342024,
            -8.5210692
          ],
          [
            113.7340441,
            -8.5213185
          ],
          [
            113.7339047,
            -8.5214724
          ],
          [
            113.7338161,
            -8.5216819
          ],
          [
            113.7336928,
            -8.5219578
          ],
          [
            113.7335345,
            -8.5221674
          ],
          [
            113.7334219,
            -8.5222628
          ],
          [
            113.7333548,
            -8.5223371
          ],
          [
            113.733328,
            -8.5224193
          ],
          [
            113.7333012,
            -8.5225387
          ],
          [
            113.7332918,
            -8.5226408
          ],
          [
            113.7332904,
            -8.522735
          ],
          [
            113.733328,
            -8.5228438
          ],
          [
            113.7333494,
            -8.5230374
          ],
          [
            113.7333736,
            -8.5232867
          ],
          [
            113.7333481,
            -8.5234326
          ],
          [
            113.733336,
            -8.5236581
          ],
          [
            113.7333397,
            -8.5238782
          ],
          [
            113.7334125,
            -8.5240931
          ],
          [
            113.7335882,
            -8.5243425
          ],
          [
            113.7338752,
            -8.5245971
          ],
          [
            113.7342058,
            -8.5248611
          ],
          [
            113.7346959,
            -8.5254168
          ],
          [
            113.7348515,
            -8.5255176
          ],
          [
            113.7350553,
            -8.5255335
          ],
          [
            113.7357044,
            -8.5256343
          ],
          [
            113.7360692,
            -8.5257112
          ],
          [
            113.7363535,
            -8.5258226
          ],
          [
            113.736544,
            -8.5259897
          ],
          [
            113.736729,
            -8.5260534
          ],
          [
            113.7368953,
            -8.5260216
          ],
          [
            113.7370026,
            -8.525934
          ],
          [
            113.7374693,
            -8.5257404
          ],
          [
            113.7378846,
            -8.5256972
          ],
          [
            113.7382096,
            -8.525804
          ],
          [
            113.7383652,
            -8.5259473
          ],
          [
            113.7385261,
            -8.5261117
          ],
          [
            113.7387031,
            -8.5261913
          ],
          [
            113.7389177,
            -8.5261436
          ],
          [
            113.7394112,
            -8.5258359
          ],
          [
            113.739599,
            -8.5255865
          ],
          [
            113.7397817,
            -8.5252567
          ],
          [
            113.7398028,
            -8.5248916
          ],
          [
            113.7396741,
            -8.5247589
          ],
          [
            113.7394005,
            -8.5246793
          ],
          [
            113.7391511,
            -8.5245839
          ],
          [
            113.7391296,
            -8.5245202
          ],
          [
            113.739143,
            -8.5244486
          ],
          [
            113.7392127,
            -8.5243929
          ],
          [
            113.739363,
            -8.5243717
          ],
          [
            113.7400952,
            -8.5244671
          ],
          [
            113.7403044,
            -8.5244353
          ],
          [
            113.7405646,
            -8.5243106
          ],
          [
            113.740983,
            -8.5241064
          ],
          [
            113.7411708,
            -8.5240427
          ],
          [
            113.7413447,
            -8.5239964
          ],
          [
            113.7414443,
            -8.5239525
          ],
          [
            113.7415865,
            -8.5238889
          ],
          [
            113.7416965,
            -8.5237881
          ],
          [
            113.7419151,
            -8.5236475
          ],
          [
            113.7421216,
            -8.5235533
          ],
          [
            113.7422383,
            -8.523491
          ],
          [
            113.742367,
            -8.5234061
          ],
          [
            113.7425226,
            -8.5233398
          ],
          [
            113.7427552,
            -8.5232501
          ],
          [
            113.743114,
            -8.5230502
          ],
          [
            113.7433862,
            -8.5228748
          ],
          [
            113.7434882,
            -8.5227244
          ],
          [
            113.7435874,
            -8.5224989
          ],
          [
            113.7437618,
            -8.5222284
          ],
          [
            113.7439173,
            -8.5218039
          ],
          [
            113.7441319,
            -8.5214644
          ],
          [
            113.7443519,
            -8.5213159
          ],
          [
            113.7453282,
            -8.5211673
          ],
          [
            113.7458593,
            -8.5211992
          ],
          [
            113.7463582,
            -8.5212204
          ],
          [
            113.7466907,
            -8.5211302
          ],
          [
            113.7470555,
            -8.5209869
          ],
          [
            113.7472433,
            -8.5209498
          ],
          [
            113.7473935,
            -8.5208888
          ],
          [
            113.7475061,
            -8.5208145
          ],
          [
            113.7476912,
            -8.5206341
          ],
          [
            113.7479353,
            -8.5205546
          ],
          [
            113.7481874,
            -8.5205678
          ],
          [
            113.7487393,
            -8.520705
          ],
          [
            113.7490486,
            -8.5206724
          ],
          [
            113.7492281,
            -8.520528
          ],
          [
            113.7492362,
            -8.5203185
          ],
          [
            113.7491155,
            -8.5199577
          ],
          [
            113.7490994,
            -8.5197774
          ],
          [
            113.7491932,
            -8.519658
          ],
          [
            113.7492938,
            -8.5196182
          ],
          [
            113.7493877,
            -8.5196394
          ],
          [
            113.7494802,
            -8.5196407
          ],
          [
            113.7495218,
            -8.5196036
          ],
          [
            113.7495205,
            -8.5195386
          ],
          [
            113.7494977,
            -8.5194604
          ],
          [
            113.7494074,
            -8.519355
          ],
          [
            113.7493166,
            -8.5191964
          ],
          [
            113.7492684,
            -8.5190532
          ],
          [
            113.7492549,
            -8.518894
          ],
          [
            113.7492791,
            -8.5186818
          ],
          [
            113.7493622,
            -8.51852
          ],
          [
            113.7495768,
            -8.5183158
          ],
          [
            113.7498289,
            -8.5182229
          ],
          [
            113.750006,
            -8.518215
          ],
          [
            113.7509375,
            -8.5187146
          ],
          [
            113.7514654,
            -8.5189838
          ],
          [
            113.7519479,
            -8.519093
          ],
          [
            113.7525192,
            -8.5191328
          ],
          [
            113.7527552,
            -8.5191779
          ],
          [
            113.7530503,
            -8.5192681
          ],
          [
            113.7534714,
            -8.5194007
          ],
          [
            113.7538324,
            -8.5194247
          ],
          [
            113.7541957,
            -8.5193928
          ],
          [
            113.7545227,
            -8.519257
          ],
          [
            113.7549828,
            -8.5189496
          ],
          [
            113.7554669,
            -8.5187481
          ],
          [
            113.7559497,
            -8.5186208
          ],
          [
            113.7561563,
            -8.5184908
          ],
          [
            113.756658,
            -8.5181552
          ],
          [
            113.7570602,
            -8.5179258
          ],
          [
            113.7575421,
            -8.5177121
          ],
          [
            113.7578166,
            -8.5174696
          ],
          [
            113.7579614,
            -8.5172335
          ],
          [
            113.7580794,
            -8.5170743
          ],
          [
            113.758243,
            -8.5168383
          ],
          [
            113.7584361,
            -8.5166234
          ],
          [
            113.7585166,
            -8.5165412
          ],
          [
            113.7585568,
            -8.5163979
          ],
          [
            113.7586293,
            -8.5162361
          ],
          [
            113.7587097,
            -8.516122
          ],
          [
            113.7589458,
            -8.5160159
          ],
          [
            113.7591952,
            -8.5158727
          ],
          [
            113.7593025,
            -8.5157348
          ],
          [
            113.7593374,
            -8.5155756
          ],
          [
            113.7593803,
            -8.5153979
          ],
          [
            113.7594151,
            -8.5150796
          ],
          [
            113.7594742,
            -8.5149894
          ],
          [
            113.7595788,
            -8.5149681
          ],
          [
            113.7596861,
            -8.5149788
          ],
          [
            113.7597692,
            -8.5151671
          ],
          [
            113.7598148,
            -8.5154228
          ],
          [
            113.7598175,
            -8.5154377
          ],
          [
            113.7599677,
            -8.5156711
          ],
          [
            113.7601662,
            -8.5157454
          ],
          [
            113.7604237,
            -8.5157348
          ],
          [
            113.7607992,
            -8.5156207
          ],
          [
            113.7609896,
            -8.5155464
          ],
          [
            113.7611479,
            -8.5154668
          ],
          [
            113.7613839,
            -8.515317
          ],
          [
            113.7614657,
            -8.5152321
          ],
          [
            113.7614804,
            -8.5151737
          ],
          [
            113.7614751,
            -8.515118
          ],
          [
            113.7613611,
            -8.5150345
          ],
          [
            113.76129,
            -8.5149522
          ],
          [
            113.7612799,
            -8.5148657
          ],
          [
            113.7613504,
            -8.5147215
          ],
          [
            113.7614375,
            -8.5146657
          ],
          [
            113.7615448,
            -8.5146299
          ],
          [
            113.7617621,
            -8.5145888
          ],
          [
            113.7618667,
            -8.5145702
          ],
          [
            113.7621,
            -8.5144403
          ],
          [
            113.7621564,
            -8.514374
          ],
          [
            113.7621886,
            -8.5143076
          ],
          [
            113.7621899,
            -8.5142572
          ],
          [
            113.7621711,
            -8.5141803
          ],
          [
            113.7621456,
            -8.5141352
          ],
          [
            113.7620424,
            -8.5140968
          ],
          [
            113.7618781,
            -8.5140842
          ],
          [
            113.7618251,
            -8.5140636
          ],
          [
            113.761811,
            -8.5140284
          ],
          [
            113.7618037,
            -8.5139044
          ],
          [
            113.7618439,
            -8.5138394
          ],
          [
            113.7619176,
            -8.5137904
          ],
          [
            113.7620276,
            -8.513805
          ],
          [
            113.7620638,
            -8.5137758
          ],
          [
            113.7620692,
            -8.5137241
          ],
          [
            113.7620491,
            -8.5136843
          ],
          [
            113.7619324,
            -8.5135331
          ],
          [
            113.761636,
            -8.5132943
          ],
          [
            113.761467,
            -8.5132413
          ],
          [
            113.7611505,
            -8.513236
          ],
          [
            113.7610406,
            -8.5132081
          ],
          [
            113.760944,
            -8.5131073
          ],
          [
            113.7608877,
            -8.5129375
          ],
          [
            113.7607697,
            -8.5125118
          ],
          [
            113.7607174,
            -8.5124123
          ],
          [
            113.7605846,
            -8.5123181
          ],
          [
            113.7604585,
            -8.5123022
          ],
          [
            113.7602829,
            -8.5123307
          ],
          [
            113.760134,
            -8.5123341
          ],
          [
            113.7600347,
            -8.5123261
          ],
          [
            113.7599489,
            -8.512281
          ],
          [
            113.7598711,
            -8.5121722
          ],
          [
            113.7598014,
            -8.5118964
          ],
          [
            113.7596941,
            -8.5117929
          ],
          [
            113.7595814,
            -8.5117505
          ],
          [
            113.7593722,
            -8.5117452
          ],
          [
            113.7591405,
            -8.5118078
          ],
          [
            113.7588948,
            -8.5119733
          ],
          [
            113.7585568,
            -8.5120635
          ],
          [
            113.7580472,
            -8.5122014
          ],
          [
            113.7577093,
            -8.5121537
          ],
          [
            113.7572265,
            -8.5119786
          ],
          [
            113.7566042,
            -8.5115966
          ],
          [
            113.755483,
            -8.5104878
          ],
          [
            113.7551558,
            -8.5099148
          ],
          [
            113.7550353,
            -8.5092209
          ],
          [
            113.7550271,
            -8.508875
          ],
          [
            113.7551282,
            -8.5082707
          ],
          [
            113.7552493,
            -8.5074124
          ],
          [
            113.7553986,
            -8.5068615
          ],
          [
            113.7556126,
            -8.5063106
          ],
          [
            113.7559072,
            -8.5056598
          ],
          [
            113.756327,
            -8.5050331
          ],
          [
            113.7567267,
            -8.5044502
          ],
          [
            113.7571142,
            -8.5038873
          ],
          [
            113.7576288,
            -8.5032565
          ],
          [
            113.7581009,
            -8.5027791
          ],
          [
            113.7589163,
            -8.5020787
          ],
          [
            113.759055,
            -8.5019835
          ],
          [
            113.7590785,
            -8.5019673
          ],
          [
            113.7592435,
            -8.5018877
          ],
          [
            113.7595144,
            -8.5018479
          ],
          [
            113.7597638,
            -8.5019143
          ],
          [
            113.7600294,
            -8.5019965
          ],
          [
            113.7602627,
            -8.5021427
          ],
          [
            113.7605041,
            -8.5022803
          ],
          [
            113.7607955,
            -8.5024062
          ],
          [
            113.7610458,
            -8.502506
          ],
          [
            113.7612712,
            -8.5026729
          ],
          [
            113.7614536,
            -8.5029276
          ],
          [
            113.7616494,
            -8.5033918
          ],
          [
            113.7617218,
            -8.5034714
          ],
          [
            113.7617889,
            -8.5034635
          ],
          [
            113.7618613,
            -8.5033998
          ],
          [
            113.7619016,
            -8.5032672
          ],
          [
            113.7618895,
            -8.5031425
          ],
          [
            113.7617084,
            -8.5026252
          ],
          [
            113.7616843,
            -8.5023679
          ],
          [
            113.7617272,
            -8.5021106
          ],
          [
            113.7618652,
            -8.5019431
          ],
          [
            113.7620509,
            -8.5018433
          ],
          [
            113.762159,
            -8.5017869
          ],
          [
            113.7622985,
            -8.5017047
          ],
          [
            113.762489,
            -8.5016065
          ],
          [
            113.762615,
            -8.5015389
          ],
          [
            113.7627894,
            -8.5014368
          ],
          [
            113.7628752,
            -8.5013625
          ],
          [
            113.7630039,
            -8.5012458
          ],
          [
            113.7631246,
            -8.5011781
          ],
          [
            113.7632748,
            -8.5011131
          ],
          [
            113.7634988,
            -8.5010535
          ],
          [
            113.7635887,
            -8.5009938
          ],
          [
            113.7637503,
            -8.5007773
          ],
          [
            113.7638714,
            -8.5006975
          ],
          [
            113.7640996,
            -8.5006118
          ],
          [
            113.7644054,
            -8.5005401
          ],
          [
            113.7646061,
            -8.5005099
          ],
          [
            113.7648694,
            -8.5005136
          ],
          [
            113.7651765,
            -8.5006224
          ],
          [
            113.7655708,
            -8.5008107
          ],
          [
            113.7657264,
            -8.5009805
          ],
          [
            113.7657747,
            -8.5012166
          ],
          [
            113.7658203,
            -8.5014553
          ],
          [
            113.76589,
            -8.501519
          ],
          [
            113.7660429,
            -8.5015827
          ],
          [
            113.7665257,
            -8.5018002
          ],
          [
            113.7667215,
            -8.5019965
          ],
          [
            113.766759,
            -8.5022671
          ],
          [
            113.7667778,
            -8.5025642
          ],
          [
            113.7667939,
            -8.5028427
          ],
          [
            113.7668234,
            -8.5029966
          ],
          [
            113.7669253,
            -8.5032221
          ],
          [
            113.7669817,
            -8.5034635
          ],
          [
            113.7672016,
            -8.5041188
          ],
          [
            113.7673759,
            -8.5044344
          ],
          [
            113.767494,
            -8.5045696
          ],
          [
            113.7676361,
            -8.5046572
          ],
          [
            113.7677394,
            -8.5046758
          ],
          [
            113.7678212,
            -8.5046917
          ],
          [
            113.7679486,
            -8.5047102
          ],
          [
            113.7680371,
            -8.5047699
          ],
          [
            113.7681203,
            -8.5048283
          ],
          [
            113.7681887,
            -8.5048482
          ],
          [
            113.7682423,
            -8.5048389
          ],
          [
            113.7683684,
            -8.5047593
          ],
          [
            113.7684086,
            -8.5046691
          ],
          [
            113.7684515,
            -8.5045312
          ],
          [
            113.7685333,
            -8.5043123
          ],
          [
            113.7686084,
            -8.5041757
          ],
          [
            113.7687519,
            -8.5039582
          ],
          [
            113.7688994,
            -8.5037539
          ],
          [
            113.7690255,
            -8.5036359
          ],
          [
            113.7691408,
            -8.5035059
          ],
          [
            113.7692159,
            -8.5033414
          ],
          [
            113.769334,
            -8.5031889
          ],
          [
            113.7694614,
            -8.5031518
          ],
          [
            113.7695526,
            -8.503165
          ],
          [
            113.7696384,
            -8.5032128
          ],
          [
            113.7697407,
            -8.5033883
          ],
          [
            113.7698168,
            -8.5035961
          ],
          [
            113.7698704,
            -8.5037102
          ],
          [
            113.7699831,
            -8.5038269
          ],
          [
            113.7701011,
            -8.5038852
          ],
          [
            113.7702412,
            -8.5039352
          ],
          [
            113.7703291,
            -8.5039118
          ],
          [
            113.7703988,
            -8.5037871
          ],
          [
            113.7705731,
            -8.5035218
          ],
          [
            113.7708038,
            -8.5033892
          ],
          [
            113.7709942,
            -8.5033865
          ],
          [
            113.7710801,
            -8.5034475
          ],
          [
            113.7711659,
            -8.5036545
          ],
          [
            113.7712437,
            -8.5037075
          ],
          [
            113.7713242,
            -8.5037102
          ],
          [
            113.7713751,
            -8.5036438
          ],
          [
            113.7714368,
            -8.5034396
          ],
          [
            113.7715334,
            -8.5032141
          ],
          [
            113.771658,
            -8.502985
          ],
          [
            113.771876,
            -8.502502
          ],
          [
            113.7719947,
            -8.5022803
          ],
          [
            113.7720859,
            -8.5020734
          ],
          [
            113.7722066,
            -8.5018082
          ],
          [
            113.7723523,
            -8.5014919
          ],
          [
            113.7724534,
            -8.5012484
          ],
          [
            113.7725392,
            -8.5008956
          ],
          [
            113.7725714,
            -8.5004685
          ],
          [
            113.7726223,
            -8.5003916
          ],
          [
            113.7727028,
            -8.5003624
          ],
          [
            113.7728691,
            -8.500373
          ],
          [
            113.7729549,
            -8.5004367
          ],
          [
            113.7730944,
            -8.5005693
          ],
          [
            113.77325,
            -8.5005879
          ],
          [
            113.773376,
            -8.500572
          ],
          [
            113.7734726,
            -8.5004924
          ],
          [
            113.7735799,
            -8.5002404
          ],
          [
            113.7737194,
            -8.5000202
          ],
          [
            113.7738374,
            -8.4999937
          ],
          [
            113.7739125,
            -8.5000096
          ],
          [
            113.7739903,
            -8.5001077
          ],
          [
            113.7741567,
            -8.5005578
          ],
          [
            113.774288,
            -8.5006834
          ],
          [
            113.7743819,
            -8.5006993
          ],
          [
            113.7744704,
            -8.5006622
          ],
          [
            113.7747815,
            -8.5003518
          ],
          [
            113.7750524,
            -8.4999698
          ],
          [
            113.7751295,
            -8.4998272
          ],
          [
            113.7752268,
            -8.4997138
          ],
          [
            113.7753877,
            -8.4995586
          ],
          [
            113.7753931,
            -8.499487
          ],
          [
            113.7753837,
            -8.4994101
          ],
          [
            113.7753153,
            -8.499235
          ],
          [
            113.7753287,
            -8.4990917
          ],
          [
            113.7754092,
            -8.4989458
          ],
          [
            113.7756264,
            -8.4987257
          ],
          [
            113.7762111,
            -8.4982269
          ],
          [
            113.7767261,
            -8.4977919
          ],
          [
            113.7769782,
            -8.4976752
          ],
          [
            113.777225,
            -8.4976646
          ],
          [
            113.7774718,
            -8.4977494
          ],
          [
            113.7777293,
            -8.497829
          ],
          [
            113.7780803,
            -8.497847
          ],
          [
            113.7784637,
            -8.4976913
          ],
          [
            113.7786198,
            -8.4975531
          ],
          [
            113.7787217,
            -8.4973993
          ],
          [
            113.7787431,
            -8.4969563
          ],
          [
            113.778829,
            -8.4967852
          ],
          [
            113.7790127,
            -8.4966254
          ],
          [
            113.7793599,
            -8.4964218
          ],
          [
            113.7794995,
            -8.4962758
          ],
          [
            113.779639,
            -8.4961114
          ],
          [
            113.7798455,
            -8.4957466
          ],
          [
            113.7800172,
            -8.4955795
          ],
          [
            113.7802747,
            -8.495484
          ],
          [
            113.7806877,
            -8.4954415
          ],
          [
            113.7810686,
            -8.4954787
          ],
          [
            113.7812698,
            -8.4955556
          ],
          [
            113.7813771,
            -8.4956564
          ],
          [
            113.7814334,
            -8.4957864
          ],
          [
            113.7815165,
            -8.4959588
          ],
          [
            113.7816131,
            -8.4960809
          ],
          [
            113.7817821,
            -8.496179
          ],
          [
            113.7818867,
            -8.4962161
          ],
          [
            113.7819672,
            -8.4961843
          ],
          [
            113.7821281,
            -8.4959456
          ],
          [
            113.7822112,
            -8.4959164
          ],
          [
            113.7823454,
            -8.4959403
          ],
          [
            113.7825649,
            -8.4960784
          ],
          [
            113.7827546,
            -8.4962701
          ],
          [
            113.7829354,
            -8.4964337
          ],
          [
            113.7831172,
            -8.4964786
          ],
          [
            113.78315,
            -8.4964867
          ],
          [
            113.7834263,
            -8.4965371
          ],
          [
            113.7836382,
            -8.4965239
          ],
          [
            113.7838179,
            -8.4964602
          ],
          [
            113.7839439,
            -8.4963514
          ],
          [
            113.7840566,
            -8.4961313
          ],
          [
            113.7841317,
            -8.4958872
          ],
          [
            113.7842846,
            -8.4956803
          ],
          [
            113.7845233,
            -8.495476
          ],
          [
            113.78488,
            -8.4952107
          ],
          [
            113.785041,
            -8.4951789
          ],
          [
            113.7851483,
            -8.495224
          ],
          [
            113.7852421,
            -8.4953248
          ],
          [
            113.785277,
            -8.4954999
          ],
          [
            113.7852636,
            -8.495728
          ],
          [
            113.7853011,
            -8.4958341
          ],
          [
            113.7854111,
            -8.495919
          ],
          [
            113.7856016,
            -8.4958792
          ],
          [
            113.7858671,
            -8.4957333
          ],
          [
            113.7859851,
            -8.495736
          ],
          [
            113.7860468,
            -8.4957997
          ],
          [
            113.7860548,
            -8.495935
          ],
          [
            113.7859663,
            -8.4961843
          ],
          [
            113.7859341,
            -8.4963196
          ],
          [
            113.7859583,
            -8.49637
          ],
          [
            113.78602,
            -8.4963806
          ],
          [
            113.7860951,
            -8.496439
          ],
          [
            113.7861299,
            -8.4965026
          ],
          [
            113.7861353,
            -8.4965716
          ],
          [
            113.7861112,
            -8.4967666
          ],
          [
            113.7861246,
            -8.4968395
          ],
          [
            113.7861621,
            -8.4968767
          ],
          [
            113.7862627,
            -8.4969032
          ],
          [
            113.7864786,
            -8.4968581
          ],
          [
            113.7866074,
            -8.496874
          ],
          [
            113.7866637,
            -8.496951
          ],
          [
            113.786661,
            -8.4970438
          ],
          [
            113.7865725,
            -8.4971526
          ],
          [
            113.786476,
            -8.4972123
          ],
          [
            113.7863848,
            -8.4972693
          ],
          [
            113.7863351,
            -8.4973263
          ],
          [
            113.7862423,
            -8.4976354
          ],
          [
            113.7861635,
            -8.4977906
          ],
          [
            113.7861252,
            -8.4979987
          ],
          [
            113.7861535,
            -8.4982542
          ],
          [
            113.7863392,
            -8.498662
          ],
          [
            113.7864491,
            -8.4987708
          ],
          [
            113.7866718,
            -8.4988185
          ],
          [
            113.7870821,
            -8.4987257
          ],
          [
            113.7876615,
            -8.4985877
          ],
          [
            113.7878546,
            -8.498471
          ],
          [
            113.7879056,
            -8.4983808
          ],
          [
            113.787919,
            -8.497906
          ],
          [
            113.7878667,
            -8.4977057
          ],
          [
            113.7877205,
            -8.4974868
          ],
          [
            113.7875622,
            -8.4972932
          ],
          [
            113.7875435,
            -8.4972295
          ],
          [
            113.7875462,
            -8.4971022
          ],
          [
            113.7875569,
            -8.4970226
          ],
          [
            113.7875716,
            -8.49689
          ],
          [
            113.7875978,
            -8.4967832
          ],
          [
            113.7876669,
            -8.4967096
          ],
          [
            113.7878627,
            -8.496561
          ],
          [
            113.7879002,
            -8.4964947
          ],
          [
            113.7879109,
            -8.4964071
          ],
          [
            113.7878734,
            -8.4963116
          ],
          [
            113.7877741,
            -8.4962559
          ],
          [
            113.787691,
            -8.4962294
          ],
          [
            113.7875542,
            -8.4962321
          ],
          [
            113.7874925,
            -8.4962215
          ],
          [
            113.7874603,
            -8.4961498
          ],
          [
            113.7874576,
            -8.496049
          ],
          [
            113.7875462,
            -8.4958899
          ],
          [
            113.7875515,
            -8.4957307
          ],
          [
            113.7875274,
            -8.4956113
          ],
          [
            113.7874885,
            -8.4953964
          ],
          [
            113.7875207,
            -8.4952744
          ],
          [
            113.7876186,
            -8.4951736
          ],
          [
            113.7877205,
            -8.4950728
          ],
          [
            113.7877292,
            -8.4949899
          ],
          [
            113.7877071,
            -8.4948765
          ],
          [
            113.7873477,
            -8.4944229
          ],
          [
            113.7868166,
            -8.4938074
          ],
          [
            113.7866096,
            -8.4932159
          ],
          [
            113.7867226,
            -8.4925851
          ],
          [
            113.7871828,
            -8.4918266
          ],
          [
            113.7876105,
            -8.491587
          ],
          [
            113.7882006,
            -8.4914995
          ],
          [
            113.7884313,
            -8.4913668
          ],
          [
            113.788636,
            -8.491092
          ],
          [
            113.7889024,
            -8.4901179
          ],
          [
            113.7893486,
            -8.4901704
          ],
          [
            113.7898824,
            -8.4901253
          ],
          [
            113.7902766,
            -8.4899873
          ],
          [
            113.7909579,
            -8.4897699
          ],
          [
            113.7918242,
            -8.4894605
          ],
          [
            113.7926047,
            -8.4894025
          ],
          [
            113.7939371,
            -8.4894637
          ],
          [
            113.7952642,
            -8.4897086
          ],
          [
            113.7963893,
            -8.4903416
          ],
          [
            113.7975975,
            -8.4911004
          ],
          [
            113.7991077,
            -8.4923242
          ],
          [
            113.8008538,
            -8.4932212
          ],
          [
            113.8022694,
            -8.4938817
          ],
          [
            113.805206,
            -8.4952147
          ],
          [
            113.8073262,
            -8.4962739
          ],
          [
            113.8093686,
            -8.498211
          ],
          [
            113.8102591,
            -8.4997284
          ],
          [
            113.8107311,
            -8.500373
          ],
          [
            113.8108975,
            -8.5008797
          ],
          [
            113.8110155,
            -8.5013572
          ],
          [
            113.8110718,
            -8.5019328
          ],
          [
            113.8110592,
            -8.5021662
          ],
          [
            113.8111069,
            -8.5024426
          ],
          [
            113.811109,
            -8.5029519
          ],
          [
            113.8110871,
            -8.5032267
          ],
          [
            113.8111066,
            -8.5034687
          ],
          [
            113.8110477,
            -8.5037447
          ],
          [
            113.8110102,
            -8.5039038
          ],
          [
            113.8110279,
            -8.5041687
          ],
          [
            113.8110254,
            -8.504316
          ],
          [
            113.8109189,
            -8.5047739
          ],
          [
            113.81064,
            -8.5050339
          ],
          [
            113.8102913,
            -8.5052142
          ],
          [
            113.8097978,
            -8.5053628
          ],
          [
            113.8094115,
            -8.5054052
          ],
          [
            113.8090843,
            -8.5053615
          ],
          [
            113.8087597,
            -8.505262
          ],
          [
            113.8084003,
            -8.5051718
          ],
          [
            113.8079524,
            -8.5050869
          ],
          [
            113.8076681,
            -8.5051241
          ],
          [
            113.8074428,
            -8.5052355
          ],
          [
            113.807196,
            -8.5053893
          ],
          [
            113.807015,
            -8.5055472
          ],
          [
            113.8069184,
            -8.5056374
          ],
          [
            113.8067977,
            -8.5057939
          ],
          [
            113.8067079,
            -8.505892
          ],
          [
            113.8066448,
            -8.5060353
          ],
          [
            113.8065697,
            -8.5062568
          ],
          [
            113.8065121,
            -8.5064796
          ],
          [
            113.806386,
            -8.5068536
          ],
          [
            113.8062733,
            -8.5070764
          ],
          [
            113.8060963,
            -8.5072223
          ],
          [
            113.8058729,
            -8.5073015
          ],
          [
            113.8057718,
            -8.5074027
          ],
          [
            113.8056886,
            -8.507538
          ],
          [
            113.8056511,
            -8.5076282
          ],
          [
            113.8056645,
            -8.5077423
          ],
          [
            113.8057315,
            -8.5078325
          ],
          [
            113.8058174,
            -8.5079412
          ],
          [
            113.8058428,
            -8.5080208
          ],
          [
            113.8058495,
            -8.5083604
          ],
          [
            113.8058388,
            -8.5086468
          ],
          [
            113.8056779,
            -8.5091986
          ],
          [
            113.8056645,
            -8.5093365
          ],
          [
            113.8057128,
            -8.5094373
          ],
          [
            113.8058013,
            -8.5094877
          ],
          [
            113.8063353,
            -8.5096671
          ],
          [
            113.8067454,
            -8.5096734
          ],
          [
            113.8070646,
            -8.5096257
          ],
          [
            113.8073757,
            -8.5094984
          ],
          [
            113.8075983,
            -8.5093976
          ],
          [
            113.8077459,
            -8.509371
          ],
          [
            113.8079149,
            -8.5093896
          ],
          [
            113.808344,
            -8.5095912
          ],
          [
            113.8084379,
            -8.5097955
          ],
          [
            113.8084561,
            -8.5099522
          ],
          [
            113.8083306,
            -8.5102544
          ],
          [
            113.808293,
            -8.5104586
          ],
          [
            113.8083038,
            -8.5106045
          ],
          [
            113.8083413,
            -8.5106921
          ],
          [
            113.8084727,
            -8.5109971
          ],
          [
            113.8084888,
            -8.5112942
          ],
          [
            113.8083976,
            -8.5116656
          ],
          [
            113.8083494,
            -8.5119468
          ],
          [
            113.808403,
            -8.5123818
          ],
          [
            113.8085934,
            -8.5127338
          ],
          [
            113.8087501,
            -8.5130235
          ],
          [
            113.8089784,
            -8.5132521
          ],
          [
            113.809213,
            -8.5132731
          ],
          [
            113.8094169,
            -8.5132254
          ],
          [
            113.8097897,
            -8.5128832
          ],
          [
            113.8099721,
            -8.5127983
          ],
          [
            113.810133,
            -8.5128009
          ],
          [
            113.8103181,
            -8.5128752
          ],
          [
            113.8105711,
            -8.5132098
          ],
          [
            113.8107312,
            -8.5134747
          ],
          [
            113.8109726,
            -8.5141273
          ],
          [
            113.8110364,
            -8.5143926
          ],
          [
            113.8110078,
            -8.5147793
          ],
          [
            113.8107281,
            -8.5157419
          ],
          [
            113.810581,
            -8.5161857
          ],
          [
            113.8104254,
            -8.5166207
          ],
          [
            113.8101625,
            -8.517008
          ],
          [
            113.8099104,
            -8.5173104
          ],
          [
            113.8096315,
            -8.5175598
          ],
          [
            113.8093686,
            -8.5177136
          ],
          [
            113.8090494,
            -8.5177773
          ],
          [
            113.808808,
            -8.5177269
          ],
          [
            113.8085291,
            -8.5175545
          ],
          [
            113.8081616,
            -8.5173953
          ],
          [
            113.8077425,
            -8.5173283
          ],
          [
            113.8071209,
            -8.5171804
          ],
          [
            113.8069332,
            -8.5172176
          ],
          [
            113.8067454,
            -8.517321
          ],
          [
            113.806614,
            -8.5174669
          ],
          [
            113.8064182,
            -8.5176778
          ],
          [
            113.8063245,
            -8.5177636
          ],
          [
            113.8061982,
            -8.5178356
          ],
          [
            113.8059689,
            -8.5179179
          ],
          [
            113.8058066,
            -8.5179789
          ],
          [
            113.8056336,
            -8.5180691
          ],
          [
            113.8054667,
            -8.5181907
          ],
          [
            113.8053718,
            -8.5182965
          ],
          [
            113.8051978,
            -8.518459
          ],
          [
            113.8050711,
            -8.5185859
          ],
          [
            113.8048531,
            -8.5186997
          ],
          [
            113.8047381,
            -8.5188335
          ],
          [
            113.8046426,
            -8.5192177
          ],
          [
            113.8046452,
            -8.5195227
          ],
          [
            113.8046399,
            -8.5196076
          ],
          [
            113.8045996,
            -8.5197349
          ],
          [
            113.8045111,
            -8.5198198
          ],
          [
            113.8043904,
            -8.5199206
          ],
          [
            113.8042724,
            -8.5201142
          ],
          [
            113.8042134,
            -8.5202601
          ],
          [
            113.8041919,
            -8.5204485
          ],
          [
            113.8042133,
            -8.5205341
          ],
          [
            113.8043877,
            -8.5206766
          ],
          [
            113.8045645,
            -8.5208035
          ],
          [
            113.8048169,
            -8.5208729
          ],
          [
            113.8050449,
            -8.5209047
          ],
          [
            113.8051307,
            -8.5208994
          ],
          [
            113.8052541,
            -8.5208543
          ],
          [
            113.8053292,
            -8.5207986
          ],
          [
            113.8053855,
            -8.5207137
          ],
          [
            113.8054767,
            -8.5206209
          ],
          [
            113.8055344,
            -8.5206103
          ],
          [
            113.8055961,
            -8.5206275
          ],
          [
            113.8056819,
            -8.5207283
          ],
          [
            113.8058294,
            -8.5208609
          ],
          [
            113.8058898,
            -8.5208795
          ],
          [
            113.8059407,
            -8.5208676
          ],
          [
            113.8060024,
            -8.5207734
          ],
          [
            113.8062599,
            -8.520406
          ],
          [
            113.8064799,
            -8.5202124
          ],
          [
            113.8066918,
            -8.5199577
          ],
          [
            113.8068983,
            -8.5196129
          ],
          [
            113.8071531,
            -8.5191911
          ],
          [
            113.8072282,
            -8.5190983
          ],
          [
            113.807314,
            -8.5190824
          ],
          [
            113.8074106,
            -8.5191195
          ],
          [
            113.8076198,
            -8.5193423
          ],
          [
            113.8078773,
            -8.5199604
          ],
          [
            113.8079417,
            -8.5202097
          ],
          [
            113.8079309,
            -8.5203264
          ],
          [
            113.8077942,
            -8.5205493
          ],
          [
            113.8077164,
            -8.5206554
          ],
          [
            113.8076842,
            -8.5207429
          ],
          [
            113.8076681,
            -8.5208225
          ],
          [
            113.80766,
            -8.5208968
          ],
          [
            113.8076654,
            -8.5210347
          ],
          [
            113.8076466,
            -8.5211222
          ],
          [
            113.8075715,
            -8.5211965
          ],
          [
            113.8075179,
            -8.5212336
          ],
          [
            113.8074481,
            -8.5213053
          ],
          [
            113.8074186,
            -8.5213875
          ],
          [
            113.8073865,
            -8.5215281
          ],
          [
            113.8073704,
            -8.5216289
          ],
          [
            113.8072926,
            -8.5218331
          ],
          [
            113.8072497,
            -8.521979
          ],
          [
            113.8072336,
            -8.5221063
          ],
          [
            113.8072684,
            -8.5221567
          ],
          [
            113.8073435,
            -8.522178
          ],
          [
            113.8075796,
            -8.5221302
          ],
          [
            113.8077003,
            -8.5221514
          ],
          [
            113.8077593,
            -8.5222045
          ],
          [
            113.807812,
            -8.5223285
          ],
          [
            113.8078059,
            -8.5224582
          ],
          [
            113.8076466,
            -8.5226289
          ],
          [
            113.8074884,
            -8.5228332
          ],
          [
            113.8074428,
            -8.5229187
          ],
          [
            113.8074381,
            -8.5229558
          ],
          [
            113.8074502,
            -8.5229764
          ],
          [
            113.8074743,
            -8.5229751
          ],
          [
            113.807593,
            -8.5229844
          ],
          [
            113.8076795,
            -8.5229976
          ],
          [
            113.8077573,
            -8.5229936
          ],
          [
            113.8078652,
            -8.5229651
          ],
          [
            113.8079403,
            -8.5228968
          ],
          [
            113.8080315,
            -8.5228066
          ],
          [
            113.8081415,
            -8.522735
          ],
          [
            113.8082273,
            -8.5227204
          ],
          [
            113.808293,
            -8.5227562
          ],
          [
            113.8083306,
            -8.5228053
          ],
          [
            113.808363,
            -8.5230051
          ],
          [
            113.8083842,
            -8.5231621
          ],
          [
            113.8083521,
            -8.5232867
          ],
          [
            113.8083225,
            -8.5234008
          ],
          [
            113.8082474,
            -8.5234724
          ],
          [
            113.8081375,
            -8.5235865
          ],
          [
            113.8080302,
            -8.5237377
          ],
          [
            113.8080141,
            -8.5238305
          ],
          [
            113.8080275,
            -8.5240799
          ],
          [
            113.8080034,
            -8.5242178
          ],
          [
            113.8078853,
            -8.5244724
          ],
          [
            113.8077781,
            -8.5246369
          ],
          [
            113.8075796,
            -8.5248226
          ],
          [
            113.8073516,
            -8.5249937
          ],
          [
            113.8073114,
            -8.5250693
          ],
          [
            113.8073033,
            -8.5251475
          ],
          [
            113.8073248,
            -8.5252138
          ],
          [
            113.8073918,
            -8.5253186
          ],
          [
            113.8074455,
            -8.5253743
          ],
          [
            113.8074803,
            -8.5253969
          ],
          [
            113.8075313,
            -8.5253916
          ],
          [
            113.8075756,
            -8.5253398
          ],
          [
            113.8076077,
            -8.5252032
          ],
          [
            113.8076545,
            -8.5251129
          ],
          [
            113.8077016,
            -8.5250812
          ],
          [
            113.8078411,
            -8.5250202
          ],
          [
            113.8079631,
            -8.5249924
          ],
          [
            113.80812,
            -8.5249565
          ],
          [
            113.808222,
            -8.5249605
          ],
          [
            113.8082716,
            -8.5250083
          ],
          [
            113.8083306,
            -8.5251011
          ],
          [
            113.8083306,
            -8.5253133
          ],
          [
            113.8083413,
            -8.525507
          ],
          [
            113.8083145,
            -8.5256502
          ],
          [
            113.8082179,
            -8.5257749
          ],
          [
            113.8081616,
            -8.5258438
          ],
          [
            113.8081026,
            -8.5259234
          ],
          [
            113.8080543,
            -8.5261064
          ],
          [
            113.8079953,
            -8.5261913
          ],
          [
            113.807821,
            -8.5264433
          ],
          [
            113.8077837,
            -8.5266003
          ],
          [
            113.8077781,
            -8.5266237
          ],
          [
            113.8077968,
            -8.5267165
          ],
          [
            113.8078746,
            -8.5267881
          ],
          [
            113.8079604,
            -8.5267961
          ],
          [
            113.8080785,
            -8.5267377
          ],
          [
            113.8081509,
            -8.5266635
          ],
          [
            113.8082439,
            -8.5263305
          ],
          [
            113.8083206,
            -8.5262506
          ],
          [
            113.8084432,
            -8.5262152
          ],
          [
            113.8085988,
            -8.5262338
          ],
          [
            113.8087705,
            -8.5263213
          ],
          [
            113.808926,
            -8.5265441
          ],
          [
            113.8089234,
            -8.5268438
          ],
          [
            113.8088,
            -8.5272046
          ],
          [
            113.8087222,
            -8.5274301
          ],
          [
            113.8086233,
            -8.5276079
          ],
          [
            113.8085344,
            -8.5277829
          ],
          [
            113.8084567,
            -8.5279208
          ],
          [
            113.8084084,
            -8.5280561
          ],
          [
            113.8083869,
            -8.5281409
          ],
          [
            113.8083574,
            -8.5282205
          ],
          [
            113.808293,
            -8.5283399
          ],
          [
            113.8082448,
            -8.5284221
          ],
          [
            113.8082179,
            -8.5284911
          ],
          [
            113.8082367,
            -8.5285547
          ],
          [
            113.8083225,
            -8.5285892
          ],
          [
            113.8085827,
            -8.5285362
          ],
          [
            113.8089609,
            -8.5283054
          ],
          [
            113.8090977,
            -8.5282577
          ],
          [
            113.809205,
            -8.5282815
          ],
          [
            113.8092855,
            -8.5283425
          ],
          [
            113.8093016,
            -8.5284142
          ],
          [
            113.8092828,
            -8.5285388
          ],
          [
            113.8090789,
            -8.5288412
          ],
          [
            113.8088992,
            -8.5290853
          ],
          [
            113.8088292,
            -8.5293843
          ],
          [
            113.8088292,
            -8.52956
          ],
          [
            113.8088134,
            -8.5297882
          ],
          [
            113.808749,
            -8.5298624
          ],
          [
            113.8086712,
            -8.52995
          ],
          [
            113.8085559,
            -8.5300349
          ],
          [
            113.8084218,
            -8.5301012
          ],
          [
            113.8082314,
            -8.5302126
          ],
          [
            113.8081402,
            -8.5303319
          ],
          [
            113.8080302,
            -8.5306688
          ],
          [
            113.8080114,
            -8.5309129
          ],
          [
            113.8080382,
            -8.5311357
          ],
          [
            113.8080436,
            -8.5312763
          ],
          [
            113.8080007,
            -8.5313744
          ],
          [
            113.8079256,
            -8.531454
          ],
          [
            113.8079095,
            -8.5315654
          ],
          [
            113.8079532,
            -8.5316957
          ],
          [
            113.8080195,
            -8.5317457
          ],
          [
            113.8081187,
            -8.5317537
          ],
          [
            113.808234,
            -8.531759
          ],
          [
            113.8083252,
            -8.5317882
          ],
          [
            113.8084915,
            -8.5318359
          ],
          [
            113.8085827,
            -8.5318306
          ],
          [
            113.8087061,
            -8.53182
          ],
          [
            113.8088161,
            -8.5318492
          ],
          [
            113.8088965,
            -8.5319473
          ],
          [
            113.8088992,
            -8.5322763
          ],
          [
            113.8089126,
            -8.5323373
          ],
          [
            113.8089609,
            -8.5324381
          ],
          [
            113.8090119,
            -8.5325415
          ],
          [
            113.809028,
            -8.5326794
          ],
          [
            113.8090306,
            -8.532889
          ],
          [
            113.8091058,
            -8.5331251
          ],
          [
            113.8091648,
            -8.5332179
          ],
          [
            113.8092667,
            -8.5333611
          ],
          [
            113.8093552,
            -8.5334566
          ],
          [
            113.8094866,
            -8.5336715
          ],
          [
            113.8095912,
            -8.5337033
          ],
          [
            113.8097415,
            -8.5337315
          ],
          [
            113.8099453,
            -8.5337802
          ],
          [
            113.8101357,
            -8.5338094
          ],
          [
            113.8104871,
            -8.5338625
          ],
          [
            113.8106802,
            -8.5338678
          ],
          [
            113.8108277,
            -8.5338386
          ],
          [
            113.810994,
            -8.5338253
          ],
          [
            113.8111174,
            -8.5338333
          ],
          [
            113.8111737,
            -8.5338518
          ],
          [
            113.8112488,
            -8.533881
          ],
          [
            113.8113119,
            -8.5339195
          ],
          [
            113.8113508,
            -8.5339977
          ],
          [
            113.811391,
            -8.5340614
          ],
          [
            113.811442,
            -8.5341224
          ],
          [
            113.8115519,
            -8.5341277
          ],
          [
            113.811729,
            -8.5340216
          ],
          [
            113.8118014,
            -8.533942
          ],
          [
            113.8119113,
            -8.5337988
          ],
          [
            113.81201,
            -8.5336836
          ],
          [
            113.8121635,
            -8.5335229
          ],
          [
            113.8124102,
            -8.5334115
          ],
          [
            113.8127804,
            -8.5333532
          ],
          [
            113.8132008,
            -8.5332445
          ],
          [
            113.8134955,
            -8.5331966
          ],
          [
            113.8140808,
            -8.5331847
          ],
          [
            113.814497,
            -8.5332259
          ],
          [
            113.8148349,
            -8.5333054
          ],
          [
            113.8151586,
            -8.5334481
          ],
          [
            113.8154411,
            -8.5337196
          ],
          [
            113.8158166,
            -8.5341808
          ],
          [
            113.8159659,
            -8.534478
          ],
          [
            113.8164014,
            -8.5356343
          ],
          [
            113.816455,
            -8.5361807
          ],
          [
            113.8163692,
            -8.5364937
          ],
          [
            113.81616,
            -8.5367219
          ],
          [
            113.8157362,
            -8.5368757
          ],
          [
            113.8153714,
            -8.5368333
          ],
          [
            113.815012,
            -8.5368598
          ],
          [
            113.814733,
            -8.5368916
          ],
          [
            113.8144004,
            -8.53695
          ],
          [
            113.8140088,
            -8.5370402
          ],
          [
            113.8136923,
            -8.5371038
          ],
          [
            113.8134563,
            -8.5372683
          ],
          [
            113.8130593,
            -8.5376131
          ],
          [
            113.8128254,
            -8.5381106
          ],
          [
            113.8128294,
            -8.5383502
          ],
          [
            113.8129306,
            -8.5385308
          ],
          [
            113.8132937,
            -8.5387134
          ],
          [
            113.8137417,
            -8.5389529
          ],
          [
            113.8141333,
            -8.5391605
          ],
          [
            113.8143682,
            -8.5395017
          ],
          [
            113.8146257,
            -8.5398093
          ],
          [
            113.8147246,
            -8.540163
          ],
          [
            113.8147384,
            -8.5402125
          ],
          [
            113.8147974,
            -8.5404698
          ],
          [
            113.8148725,
            -8.5407271
          ],
          [
            113.8149315,
            -8.5409234
          ],
          [
            113.8149691,
            -8.5412045
          ],
          [
            113.8148993,
            -8.5414857
          ],
          [
            113.8147384,
            -8.5417509
          ],
          [
            113.8144273,
            -8.5420162
          ],
          [
            113.8139498,
            -8.5423398
          ],
          [
            113.8136601,
            -8.5424035
          ],
          [
            113.8131773,
            -8.5423557
          ],
          [
            113.812598,
            -8.5422549
          ],
          [
            113.8123888,
            -8.5422814
          ],
          [
            113.8121635,
            -8.5423981
          ],
          [
            113.8120454,
            -8.5426156
          ],
          [
            113.8119328,
            -8.5435758
          ],
          [
            113.8118631,
            -8.5439313
          ],
          [
            113.8118309,
            -8.5441541
          ],
          [
            113.811906,
            -8.5443557
          ],
          [
            113.8122868,
            -8.5447111
          ],
          [
            113.8123941,
            -8.5449975
          ],
          [
            113.8123673,
            -8.545284
          ],
          [
            113.8122493,
            -8.545475
          ],
          [
            113.8119864,
            -8.5456023
          ],
          [
            113.8114125,
            -8.5457455
          ],
          [
            113.8109806,
            -8.5458092
          ],
          [
            113.8108519,
            -8.5458861
          ],
          [
            113.8107258,
            -8.5460877
          ],
          [
            113.8106497,
            -8.5463577
          ],
          [
            113.8106453,
            -8.5464909
          ],
          [
            113.8106051,
            -8.5468224
          ],
          [
            113.8105568,
            -8.5470293
          ],
          [
            113.8104817,
            -8.5472654
          ],
          [
            113.8103718,
            -8.5473556
          ],
          [
            113.8100955,
            -8.5474059
          ],
          [
            113.8099265,
            -8.5473874
          ],
          [
            113.8096985,
            -8.5472813
          ],
          [
            113.8093686,
            -8.5470877
          ],
          [
            113.8091165,
            -8.547024
          ],
          [
            113.808859,
            -8.5469656
          ],
          [
            113.8086015,
            -8.5469497
          ],
          [
            113.8083011,
            -8.5469709
          ],
          [
            113.8079256,
            -8.5470823
          ],
          [
            113.8076252,
            -8.5471938
          ],
          [
            113.807365,
            -8.547411
          ],
          [
            113.8072175,
            -8.5476898
          ],
          [
            113.8071638,
            -8.5480744
          ],
          [
            113.8071632,
            -8.5486485
          ],
          [
            113.8072228,
            -8.5490796
          ],
          [
            113.8072014,
            -8.5492706
          ],
          [
            113.8071263,
            -8.5494059
          ],
          [
            113.8069063,
            -8.5495995
          ],
          [
            113.8067642,
            -8.5497188
          ],
          [
            113.8067347,
            -8.5498356
          ],
          [
            113.8067669,
            -8.5499576
          ],
          [
            113.8069653,
            -8.5501804
          ],
          [
            113.8070458,
            -8.550435
          ],
          [
            113.8070726,
            -8.5507798
          ],
          [
            113.8070136,
            -8.551183
          ],
          [
            113.8069198,
            -8.5515861
          ],
          [
            113.8068554,
            -8.5518646
          ],
          [
            113.8068339,
            -8.5521803
          ],
          [
            113.8069493,
            -8.5527001
          ],
          [
            113.8069305,
            -8.5529123
          ],
          [
            113.8068446,
            -8.5530105
          ],
          [
            113.8067427,
            -8.5530794
          ],
          [
            113.8065739,
            -8.5531072
          ],
          [
            113.8062787,
            -8.5530662
          ],
          [
            113.806107,
            -8.5530582
          ],
          [
            113.8059926,
            -8.5530873
          ],
          [
            113.8058432,
            -8.5532989
          ],
          [
            113.8057718,
            -8.5534985
          ],
          [
            113.8058013,
            -8.5536019
          ],
          [
            113.8058603,
            -8.5538486
          ],
          [
            113.8058549,
            -8.5539865
          ],
          [
            113.8058281,
            -8.554151
          ],
          [
            113.8058335,
            -8.5542677
          ],
          [
            113.8059112,
            -8.5543552
          ],
          [
            113.8061312,
            -8.5544534
          ],
          [
            113.8062733,
            -8.5544481
          ],
          [
            113.8063672,
            -8.5543791
          ],
          [
            113.8065952,
            -8.5540396
          ],
          [
            113.8067025,
            -8.5538247
          ],
          [
            113.8068322,
            -8.5535064
          ],
          [
            113.8068968,
            -8.5532949
          ],
          [
            113.8069627,
            -8.5532439
          ],
          [
            113.8070539,
            -8.5532359
          ],
          [
            113.8072238,
            -8.5533028
          ],
          [
            113.8075313,
            -8.5535012
          ],
          [
            113.8076922,
            -8.5536073
          ],
          [
            113.8076945,
            -8.5536125
          ],
          [
            113.8077459,
            -8.5537293
          ],
          [
            113.807762,
            -8.5538354
          ],
          [
            113.8076225,
            -8.5541192
          ],
          [
            113.8074175,
            -8.5544525
          ],
          [
            113.807129,
            -8.5551324
          ],
          [
            113.8071075,
            -8.5554241
          ],
          [
            113.8071611,
            -8.5555196
          ],
          [
            113.8072818,
            -8.5556045
          ],
          [
            113.8073623,
            -8.5556124
          ],
          [
            113.8074428,
            -8.5556231
          ],
          [
            113.807483,
            -8.555631
          ],
          [
            113.8075206,
            -8.5556628
          ],
          [
            113.8075635,
            -8.5557265
          ],
          [
            113.807587,
            -8.5558296
          ],
          [
            113.8075688,
            -8.5559466
          ],
          [
            113.8075796,
            -8.5559891
          ],
          [
            113.8076104,
            -8.5560103
          ],
          [
            113.8077191,
            -8.5560315
          ],
          [
            113.808226,
            -8.5559798
          ],
          [
            113.8086042,
            -8.555948
          ],
          [
            113.8088174,
            -8.5559824
          ],
          [
            113.808914,
            -8.5560355
          ],
          [
            113.8090575,
            -8.5562013
          ],
          [
            113.8091835,
            -8.5562649
          ],
          [
            113.8092962,
            -8.5562517
          ],
          [
            113.8093901,
            -8.556196
          ],
          [
            113.809569,
            -8.5559653
          ],
          [
            113.8097146,
            -8.5558936
          ],
          [
            113.8098648,
            -8.5558856
          ],
          [
            113.8099399,
            -8.5559201
          ],
          [
            113.8099828,
            -8.5559864
          ],
          [
            113.8100392,
            -8.5562039
          ],
          [
            113.8100767,
            -8.5562543
          ],
          [
            113.8101599,
            -8.5562702
          ],
          [
            113.8102216,
            -8.5562517
          ],
          [
            113.8103262,
            -8.5561509
          ],
          [
            113.8103965,
            -8.5558615
          ],
          [
            113.8104611,
            -8.555642
          ],
          [
            113.8105378,
            -8.5555063
          ],
          [
            113.8107285,
            -8.5552862
          ],
          [
            113.8108894,
            -8.5552066
          ],
          [
            113.8110772,
            -8.5551483
          ],
          [
            113.8112488,
            -8.5551615
          ],
          [
            113.8115412,
            -8.5552809
          ],
          [
            113.8120401,
            -8.5557822
          ],
          [
            113.8121501,
            -8.5560315
          ],
          [
            113.8121608,
            -8.5562941
          ],
          [
            113.8121179,
            -8.5565355
          ],
          [
            113.812024,
            -8.5566601
          ],
          [
            113.8118818,
            -8.5567317
          ],
          [
            113.8116941,
            -8.5567317
          ],
          [
            113.8115251,
            -8.5567477
          ],
          [
            113.811391,
            -8.5568431
          ],
          [
            113.8112159,
            -8.5572307
          ],
          [
            113.8111312,
            -8.5574023
          ],
          [
            113.8111094,
            -8.5575699
          ],
          [
            113.8111281,
            -8.5576494
          ],
          [
            113.8111657,
            -8.5577184
          ],
          [
            113.8112488,
            -8.5577608
          ],
          [
            113.8113454,
            -8.5577449
          ],
          [
            113.8115106,
            -8.5576178
          ],
          [
            113.8115895,
            -8.5575009
          ],
          [
            113.8118094,
            -8.5572675
          ],
          [
            113.8119838,
            -8.5571694
          ],
          [
            113.8120964,
            -8.557119
          ],
          [
            113.8122171,
            -8.5571402
          ],
          [
            113.81237,
            -8.5572118
          ],
          [
            113.8125117,
            -8.5573943
          ],
          [
            113.8126838,
            -8.5576521
          ],
          [
            113.8128152,
            -8.5577449
          ],
          [
            113.8129789,
            -8.5577662
          ],
          [
            113.8132176,
            -8.5577953
          ],
          [
            113.8134134,
            -8.5577768
          ],
          [
            113.8135743,
            -8.5577874
          ],
          [
            113.8139069,
            -8.5578616
          ],
          [
            113.8140625,
            -8.5579996
          ],
          [
            113.8142663,
            -8.5582701
          ],
          [
            113.814438,
            -8.5583974
          ],
          [
            113.8145828,
            -8.5584451
          ],
          [
            113.8147062,
            -8.558408
          ],
          [
            113.8148242,
            -8.558286
          ],
          [
            113.8149422,
            -8.5580791
          ],
          [
            113.8150066,
            -8.5579094
          ],
          [
            113.8150669,
            -8.5576218
          ],
          [
            113.8151461,
            -8.5572675
          ],
          [
            113.815297,
            -8.5566239
          ],
          [
            113.8154089,
            -8.5563896
          ],
          [
            113.8155913,
            -8.5561562
          ],
          [
            113.8157174,
            -8.5559997
          ],
          [
            113.8158944,
            -8.5558455
          ],
          [
            113.8159856,
            -8.5556628
          ],
          [
            113.8160248,
            -8.5554383
          ],
          [
            113.8160562,
            -8.5552322
          ],
          [
            113.8160956,
            -8.5549891
          ],
          [
            113.8161358,
            -8.5547451
          ],
          [
            113.8162351,
            -8.5545966
          ],
          [
            113.8164228,
            -8.5544162
          ],
          [
            113.8165382,
            -8.5543234
          ],
          [
            113.8165918,
            -8.5542465
          ],
          [
            113.8165972,
            -8.5541059
          ],
          [
            113.816514,
            -8.5540422
          ],
          [
            113.8161439,
            -8.5538619
          ],
          [
            113.8160795,
            -8.5536232
          ],
          [
            113.8160842,
            -8.5535961
          ],
          [
            113.816117,
            -8.5534057
          ],
          [
            113.8162404,
            -8.5530927
          ],
          [
            113.8162887,
            -8.552854
          ],
          [
            113.8162404,
            -8.552541
          ],
          [
            113.8160905,
            -8.552246
          ],
          [
            113.8159347,
            -8.5520264
          ],
          [
            113.8157791,
            -8.551862
          ],
          [
            113.8155967,
            -8.5516498
          ],
          [
            113.8154626,
            -8.5514111
          ],
          [
            113.8154679,
            -8.5511246
          ],
          [
            113.8155431,
            -8.55087
          ],
          [
            113.8156825,
            -8.5506101
          ],
          [
            113.8158408,
            -8.5505172
          ],
          [
            113.8159642,
            -8.5505013
          ],
          [
            113.816219,
            -8.5505093
          ],
          [
            113.8163102,
            -8.5504642
          ],
          [
            113.8163397,
            -8.5503873
          ],
          [
            113.8163289,
            -8.550252
          ],
          [
            113.8163208,
            -8.5502416
          ],
          [
            113.8162458,
            -8.5501459
          ],
          [
            113.8159078,
            -8.5498276
          ],
          [
            113.815712,
            -8.5496234
          ],
          [
            113.815531,
            -8.5494177
          ],
          [
            113.8154797,
            -8.5492879
          ],
          [
            113.8154682,
            -8.548904
          ],
          [
            113.8154036,
            -8.5484192
          ],
          [
            113.8154112,
            -8.5478484
          ],
          [
            113.8155109,
            -8.5472574
          ],
          [
            113.8156738,
            -8.5465669
          ],
          [
            113.8157708,
            -8.5461717
          ],
          [
            113.8161133,
            -8.5455282
          ],
          [
            113.8163799,
            -8.5452787
          ],
          [
            113.8167018,
            -8.5451089
          ],
          [
            113.8171524,
            -8.5449869
          ],
          [
            113.8176191,
            -8.5448967
          ],
          [
            113.8179463,
            -8.5448013
          ],
          [
            113.8183057,
            -8.5447641
          ],
          [
            113.8187617,
            -8.5447747
          ],
          [
            113.8192987,
            -8.5449016
          ],
          [
            113.8197514,
            -8.5449365
          ],
          [
            113.8199446,
            -8.5449206
          ],
          [
            113.820186,
            -8.5448066
          ],
          [
            113.8204086,
            -8.5446156
          ],
          [
            113.8205051,
            -8.544414
          ],
          [
            113.8205266,
            -8.5441355
          ],
          [
            113.8205025,
            -8.5438464
          ],
          [
            113.8205266,
            -8.5436952
          ],
          [
            113.8206232,
            -8.5435679
          ],
          [
            113.8207144,
            -8.5434326
          ],
          [
            113.8209236,
            -8.5432125
          ],
          [
            113.8210765,
            -8.5430613
          ],
          [
            113.8213481,
            -8.5427168
          ],
          [
            113.821519,
            -8.5424724
          ],
          [
            113.8215512,
            -8.542292
          ],
          [
            113.8214761,
            -8.5418252
          ],
          [
            113.8214976,
            -8.541682
          ],
          [
            113.8216317,
            -8.5415706
          ],
          [
            113.8218087,
            -8.5415016
          ],
          [
            113.8220125,
            -8.5415228
          ],
          [
            113.8225298,
            -8.5418023
          ],
          [
            113.8227639,
            -8.5418813
          ],
          [
            113.823021,
            -8.5418889
          ],
          [
            113.8231391,
            -8.5418332
          ],
          [
            113.8233054,
            -8.5417509
          ],
          [
            113.8234073,
            -8.5417006
          ],
          [
            113.8235602,
            -8.5416502
          ],
          [
            113.8236192,
            -8.5416157
          ],
          [
            113.8237131,
            -8.5416104
          ],
          [
            113.8238069,
            -8.5416289
          ],
          [
            113.8239196,
            -8.5416342
          ],
          [
            113.8240591,
            -8.541613
          ],
          [
            113.8241853,
            -8.5415483
          ],
          [
            113.8243997,
            -8.5415334
          ],
          [
            113.8244802,
            -8.54156
          ],
          [
            113.824566,
            -8.541682
          ],
          [
            113.8245792,
            -8.5420168
          ],
          [
            113.8244194,
            -8.5425023
          ],
          [
            113.8244238,
            -8.5425759
          ],
          [
            113.824456,
            -8.5426581
          ],
          [
            113.8245499,
            -8.5428013
          ],
          [
            113.8246223,
            -8.542865
          ],
          [
            113.8247243,
            -8.5429048
          ],
          [
            113.8248342,
            -8.5429048
          ],
          [
            113.8250987,
            -8.5428072
          ],
          [
            113.8253063,
            -8.5426793
          ],
          [
            113.8254887,
            -8.5424989
          ],
          [
            113.8255906,
            -8.542308
          ],
          [
            113.8258374,
            -8.541735
          ],
          [
            113.8258808,
            -8.5414975
          ],
          [
            113.8259125,
            -8.5412735
          ],
          [
            113.825832,
            -8.5408332
          ],
          [
            113.825714,
            -8.5406263
          ],
          [
            113.8253653,
            -8.5405361
          ],
          [
            113.8252312,
            -8.5404619
          ],
          [
            113.8251346,
            -8.5403239
          ],
          [
            113.8251239,
            -8.5401595
          ],
          [
            113.825317,
            -8.5398518
          ],
          [
            113.8255097,
            -8.5394369
          ],
          [
            113.8256296,
            -8.5387087
          ],
          [
            113.8255211,
            -8.5382175
          ],
          [
            113.8254404,
            -8.5379844
          ],
          [
            113.8254176,
            -8.5378001
          ],
          [
            113.8253921,
            -8.5375335
          ],
          [
            113.8253693,
            -8.5373929
          ],
          [
            113.8253441,
            -8.5373256
          ],
          [
            113.8253613,
            -8.5371356
          ],
          [
            113.8254216,
            -8.5369593
          ],
          [
            113.8255668,
            -8.5367667
          ],
          [
            113.8256147,
            -8.5366105
          ],
          [
            113.8256362,
            -8.5361701
          ],
          [
            113.825738,
            -8.535807
          ],
          [
            113.825832,
            -8.5356502
          ],
          [
            113.8260815,
            -8.5354725
          ],
          [
            113.8261566,
            -8.5353797
          ],
          [
            113.8261539,
            -8.5352869
          ],
          [
            113.8261029,
            -8.535133
          ],
          [
            113.8260305,
            -8.535003
          ],
          [
            113.8259849,
            -8.5348598
          ],
          [
            113.8260144,
            -8.5346582
          ],
          [
            113.8261861,
            -8.5339022
          ],
          [
            113.826366,
            -8.5334303
          ],
          [
            113.8266957,
            -8.5327908
          ],
          [
            113.8268781,
            -8.5325627
          ],
          [
            113.8271195,
            -8.5324028
          ],
          [
            113.8274449,
            -8.5319173
          ],
          [
            113.8275933,
            -8.5313527
          ],
          [
            113.8276398,
            -8.530881
          ],
          [
            113.8276774,
            -8.5305521
          ],
          [
            113.8276904,
            -8.5301728
          ],
          [
            113.8276988,
            -8.5297988
          ],
          [
            113.8276184,
            -8.5295229
          ],
          [
            113.8274164,
            -8.5288349
          ],
          [
            113.8274678,
            -8.5282251
          ],
          [
            113.8276504,
            -8.527813
          ],
          [
            113.8281927,
            -8.5275703
          ],
          [
            113.8290719,
            -8.5273896
          ],
          [
            113.8299453,
            -8.5273049
          ],
          [
            113.8321137,
            -8.5271887
          ],
          [
            113.8335703,
            -8.5273614
          ],
          [
            113.8344979,
            -8.5277101
          ],
          [
            113.8355853,
            -8.52829
          ],
          [
            113.8363518,
            -8.5288682
          ],
          [
            113.8372091,
            -8.5297943
          ],
          [
            113.8374398,
            -8.5303885
          ],
          [
            113.8373709,
            -8.5307006
          ],
          [
            113.8372528,
            -8.5309553
          ],
          [
            113.8370597,
            -8.531141
          ],
          [
            113.8366359,
            -8.5313744
          ],
          [
            113.8364482,
            -8.5315866
          ],
          [
            113.8363624,
            -8.5319526
          ],
          [
            113.8366306,
            -8.5333001
          ],
          [
            113.8368183,
            -8.5335495
          ],
          [
            113.8370562,
            -8.5336359
          ],
          [
            113.8372743,
            -8.5335654
          ],
          [
            113.837443,
            -8.5333908
          ],
          [
            113.8375793,
            -8.5331577
          ],
          [
            113.8376353,
            -8.5330502
          ],
          [
            113.8384273,
            -8.5340194
          ],
          [
            113.8386921,
            -8.5349266
          ],
          [
            113.8387495,
            -8.5358889
          ],
          [
            113.8383901,
            -8.5366953
          ],
          [
            113.8379931,
            -8.5370349
          ],
          [
            113.8379221,
            -8.5370468
          ],
          [
            113.8378832,
            -8.5370269
          ],
          [
            113.8377544,
            -8.5369075
          ],
          [
            113.8375667,
            -8.5367404
          ],
          [
            113.8373601,
            -8.5365892
          ],
          [
            113.8371992,
            -8.5365468
          ],
          [
            113.8370088,
            -8.5365892
          ],
          [
            113.8368612,
            -8.5367325
          ],
          [
            113.8367808,
            -8.5369287
          ],
          [
            113.8367969,
            -8.5375547
          ],
          [
            113.8367325,
            -8.5378094
          ],
          [
            113.8366145,
            -8.5379579
          ],
          [
            113.8360941,
            -8.5383876
          ],
          [
            113.8359761,
            -8.5385308
          ],
          [
            113.8359332,
            -8.5386794
          ],
          [
            113.835901,
            -8.5398146
          ],
          [
            113.8357723,
            -8.5402815
          ],
          [
            113.8355255,
            -8.5404512
          ],
          [
            113.8348603,
            -8.5406634
          ],
          [
            113.8344419,
            -8.5406953
          ],
          [
            113.834238,
            -8.5408226
          ],
          [
            113.8341415,
            -8.5410666
          ],
          [
            113.8342488,
            -8.5414167
          ],
          [
            113.8354397,
            -8.5431992
          ],
          [
            113.8355791,
            -8.5437191
          ],
          [
            113.8354397,
            -8.5442071
          ],
          [
            113.8350856,
            -8.5447376
          ],
          [
            113.8350427,
            -8.5449498
          ],
          [
            113.8351178,
            -8.5451832
          ],
          [
            113.8353968,
            -8.545406
          ],
          [
            113.8363194,
            -8.5458834
          ],
          [
            113.8369632,
            -8.5466049
          ],
          [
            113.8371348,
            -8.5473476
          ],
          [
            113.8369202,
            -8.5481115
          ],
          [
            113.8364267,
            -8.5489178
          ],
          [
            113.834855,
            -8.5499576
          ],
          [
            113.8344955,
            -8.5501644
          ],
          [
            113.8344204,
            -8.5503077
          ],
          [
            113.8344365,
            -8.5504987
          ],
          [
            113.8345492,
            -8.5505835
          ],
          [
            113.8352197,
            -8.5509177
          ],
          [
            113.8356328,
            -8.5510981
          ],
          [
            113.8363355,
            -8.5515331
          ],
          [
            113.8365769,
            -8.5520158
          ],
          [
            113.8368344,
            -8.5527479
          ],
          [
            113.83721,
            -8.553403
          ]
        ]
      },
      "id": "way/180858177"
    },
    {
      "type": "Feature",
      "properties": {
        "@id": "way/180858190",
        "natural": "coastline",
        "source": "Bing"
      },
      "geometry": {
        "type": "LineString",
        "coordinates": [
          [
            113.6274541,
            -8.4511037
          ],
          [
            113.6270823,
            -8.4514699
          ],
          [
            113.6266673,
            -8.4519653
          ],
          [
            113.6260879,
            -8.4524004
          ],
          [
            113.6257231,
            -8.4526976
          ],
          [
            113.6253691,
            -8.4530584
          ],
          [
            113.6249614,
            -8.4537058
          ],
          [
            113.6245483,
            -8.4544009
          ],
          [
            113.6245054,
            -8.4546078
          ],
          [
            113.6245456,
            -8.4546715
          ],
          [
            113.6246717,
            -8.4546847
          ],
          [
            113.6247978,
            -8.4546211
          ],
          [
            113.6249667,
            -8.4544168
          ],
          [
            113.6252806,
            -8.4540347
          ],
          [
            113.6254817,
            -8.4539472
          ],
          [
            113.6257768,
            -8.4539445
          ],
          [
            113.6259913,
            -8.4540082
          ],
          [
            113.6263373,
            -8.454178
          ],
          [
            113.6263943,
            -8.4542072
          ],
          [
            113.6268389,
            -8.4545176
          ],
          [
            113.6268765,
            -8.4545919
          ],
          [
            113.6268872,
            -8.4547564
          ],
          [
            113.6268523,
            -8.45508
          ],
          [
            113.6268872,
            -8.4551809
          ],
          [
            113.6270803,
            -8.4554011
          ],
          [
            113.6273995,
            -8.4556
          ],
          [
            113.6276597,
            -8.4556611
          ],
          [
            113.6280674,
            -8.45573
          ],
          [
            113.6285958,
            -8.4557698
          ],
          [
            113.6287487,
            -8.4558229
          ],
          [
            113.6289632,
            -8.45599
          ],
          [
            113.6291349,
            -8.4560855
          ],
          [
            113.629328,
            -8.4561519
          ],
          [
            113.6303312,
            -8.456189
          ],
          [
            113.6307442,
            -8.4561784
          ],
          [
            113.6311465,
            -8.4560829
          ],
          [
            113.6318439,
            -8.4557327
          ],
          [
            113.6321256,
            -8.455677
          ],
          [
            113.6322865,
            -8.4556504
          ],
          [
            113.6323857,
            -8.4556107
          ],
          [
            113.6324447,
            -8.4555523
          ],
          [
            113.6324823,
            -8.455409
          ],
          [
            113.632552,
            -8.4553162
          ],
          [
            113.6326513,
            -8.455287
          ],
          [
            113.6327988,
            -8.4552896
          ],
          [
            113.6332655,
            -8.4555894
          ],
          [
            113.6333647,
            -8.4557062
          ],
          [
            113.6333889,
            -8.4558309
          ],
          [
            113.6333647,
            -8.4559396
          ],
          [
            113.6332253,
            -8.4562102
          ],
          [
            113.6331663,
            -8.4563986
          ],
          [
            113.6332137,
            -8.4565395
          ],
          [
            113.6332172,
            -8.4565498
          ],
          [
            113.6332762,
            -8.4566029
          ],
          [
            113.6334774,
            -8.4566082
          ],
          [
            113.6336303,
            -8.4565551
          ],
          [
            113.6340353,
            -8.4562845
          ],
          [
            113.6343142,
            -8.4562447
          ],
          [
            113.6346173,
            -8.4562341
          ],
          [
            113.6350679,
            -8.4562036
          ],
          [
            113.6353415,
            -8.45612
          ],
          [
            113.6361526,
            -8.4557691
          ],
          [
            113.6379854,
            -8.4549894
          ],
          [
            113.6384408,
            -8.4548028
          ],
          [
            113.6387721,
            -8.4547405
          ],
          [
            113.6389357,
            -8.454763
          ],
          [
            113.6390658,
            -8.4548214
          ],
          [
            113.6393887,
            -8.4550356
          ],
          [
            113.6403626,
            -8.4559609
          ],
          [
            113.6413604,
            -8.4576429
          ],
          [
            113.6417198,
            -8.4582849
          ],
          [
            113.6423743,
            -8.4599882
          ],
          [
            113.6427605,
            -8.4616436
          ],
          [
            113.6430716,
            -8.4633097
          ],
          [
            113.6430716,
            -8.4639358
          ],
          [
            113.6428249,
            -8.4653048
          ],
          [
            113.6425781,
            -8.4659097
          ],
          [
            113.6421919,
            -8.4665888
          ],
          [
            113.6409876,
            -8.4680878
          ],
          [
            113.6407837,
            -8.4681859
          ],
          [
            113.6406147,
            -8.4681939
          ],
          [
            113.6402097,
            -8.4680029
          ],
          [
            113.6398932,
            -8.4676792
          ],
          [
            113.6397377,
            -8.4675757
          ],
          [
            113.6396143,
            -8.4675651
          ],
          [
            113.639507,
            -8.4676315
          ],
          [
            113.6393407,
            -8.4679418
          ],
          [
            113.6392093,
            -8.4680718
          ],
          [
            113.6390483,
            -8.4681514
          ],
          [
            113.6387747,
            -8.468178
          ],
          [
            113.6384636,
            -8.4681222
          ],
          [
            113.6383644,
            -8.4681143
          ],
          [
            113.6382598,
            -8.4681594
          ],
          [
            113.6380666,
            -8.4684353
          ],
          [
            113.6379816,
            -8.4685553
          ],
          [
            113.6375302,
            -8.4688545
          ],
          [
            113.6372083,
            -8.4690932
          ],
          [
            113.6368489,
            -8.4696132
          ],
          [
            113.6367094,
            -8.4700324
          ],
          [
            113.6366773,
            -8.4704622
          ],
          [
            113.6367738,
            -8.4713217
          ],
          [
            113.6368382,
            -8.4720009
          ],
          [
            113.6369133,
            -8.4723617
          ],
          [
            113.6375141,
            -8.4730514
          ],
          [
            113.6378252,
            -8.4734653
          ],
          [
            113.6379433,
            -8.4739746
          ],
          [
            113.6378467,
            -8.4748926
          ],
          [
            113.6378843,
            -8.4752481
          ],
          [
            113.6380827,
            -8.4754762
          ],
          [
            113.6383134,
            -8.4756088
          ],
          [
            113.6394701,
            -8.4757603
          ],
          [
            113.6395209,
            -8.4757744
          ],
          [
            113.642149,
            -8.4765055
          ],
          [
            113.6432882,
            -8.4770589
          ],
          [
            113.6433506,
            -8.4770892
          ],
          [
            113.6437046,
            -8.4772271
          ],
          [
            113.6439943,
            -8.4772537
          ],
          [
            113.6446059,
            -8.4772059
          ],
          [
            113.6448634,
            -8.4772271
          ],
          [
            113.6451209,
            -8.4773385
          ],
          [
            113.6456586,
            -8.4777079
          ],
          [
            113.6474222,
            -8.4790152
          ],
          [
            113.6484253,
            -8.4801718
          ],
          [
            113.6486882,
            -8.4805698
          ],
          [
            113.6487955,
            -8.4808934
          ],
          [
            113.6489242,
            -8.4815354
          ],
          [
            113.648935,
            -8.4820182
          ],
          [
            113.6489564,
            -8.4823207
          ],
          [
            113.6488501,
            -8.4826823
          ],
          [
            113.6485487,
            -8.4830582
          ],
          [
            113.6484468,
            -8.4832863
          ],
          [
            113.6484897,
            -8.4834826
          ],
          [
            113.648656,
            -8.4837187
          ],
          [
            113.6490476,
            -8.484053
          ],
          [
            113.6494553,
            -8.4843952
          ],
          [
            113.6496699,
            -8.4847772
          ],
          [
            113.649745,
            -8.485329
          ],
          [
            113.6497664,
            -8.4859126
          ],
          [
            113.6496885,
            -8.4862643
          ],
          [
            113.6496618,
            -8.4863848
          ],
          [
            113.649509,
            -8.4865467
          ],
          [
            113.6486995,
            -8.4870112
          ],
          [
            113.6483985,
            -8.4872921
          ],
          [
            113.6481759,
            -8.4877105
          ],
          [
            113.647905,
            -8.4886663
          ],
          [
            113.6477655,
            -8.4888626
          ],
          [
            113.6475187,
            -8.4889422
          ],
          [
            113.6467302,
            -8.4888148
          ],
          [
            113.6460274,
            -8.4888838
          ],
          [
            113.64555,
            -8.4890005
          ],
          [
            113.6448204,
            -8.4894038
          ],
          [
            113.6445361,
            -8.4897221
          ],
          [
            113.6444557,
            -8.4899502
          ],
          [
            113.6444771,
            -8.4901678
          ],
          [
            113.644579,
            -8.4902527
          ],
          [
            113.6451209,
            -8.4905604
          ],
          [
            113.6455929,
            -8.4908151
          ],
          [
            113.6457592,
            -8.4909901
          ],
          [
            113.6461776,
            -8.4917595
          ],
          [
            113.6467194,
            -8.4923961
          ],
          [
            113.6469018,
            -8.4929373
          ],
          [
            113.6468482,
            -8.4933034
          ],
          [
            113.6467624,
            -8.4935315
          ],
          [
            113.6464566,
            -8.4937915
          ],
          [
            113.6463118,
            -8.493956
          ],
          [
            113.6462957,
            -8.4941735
          ],
          [
            113.6463708,
            -8.4943565
          ],
          [
            113.6466202,
            -8.4944494
          ],
          [
            113.6468992,
            -8.4944494
          ],
          [
            113.6486962,
            -8.4942106
          ],
          [
            113.6497986,
            -8.4939878
          ],
          [
            113.6502975,
            -8.4939613
          ],
          [
            113.6512524,
            -8.4938339
          ],
          [
            113.6517084,
            -8.4937491
          ],
          [
            113.6521482,
            -8.4936642
          ],
          [
            113.6524057,
            -8.4936536
          ],
          [
            113.6526257,
            -8.4937305
          ],
          [
            113.6529475,
            -8.494009
          ],
          [
            113.6530794,
            -8.4940687
          ],
          [
            113.6531058,
            -8.4940807
          ],
          [
            113.6532319,
            -8.4940594
          ],
          [
            113.6533445,
            -8.4940117
          ],
          [
            113.6539346,
            -8.493765
          ],
          [
            113.6541921,
            -8.4937331
          ],
          [
            113.6545354,
            -8.4937411
          ],
          [
            113.6550423,
            -8.4938286
          ],
          [
            113.6552046,
            -8.4938286
          ],
          [
            113.655383,
            -8.4937849
          ],
          [
            113.6559623,
            -8.4935474
          ],
          [
            113.6561823,
            -8.4935262
          ],
          [
            113.6564746,
            -8.4935501
          ],
          [
            113.656885,
            -8.4936085
          ],
          [
            113.6573973,
            -8.4937093
          ],
          [
            113.6582296,
            -8.4939778
          ],
          [
            113.6595672,
            -8.4946616
          ],
          [
            113.6600929,
            -8.4950808
          ],
          [
            113.6603558,
            -8.4954734
          ],
          [
            113.6603826,
            -8.4958182
          ],
          [
            113.6604148,
            -8.4964443
          ],
          [
            113.6603773,
            -8.4970279
          ],
          [
            113.6603504,
            -8.4974656
          ],
          [
            113.660455,
            -8.4978237
          ],
          [
            113.6605301,
            -8.4979351
          ],
          [
            113.660683,
            -8.4979855
          ],
          [
            113.6610988,
            -8.4979829
          ],
          [
            113.6612141,
            -8.4979378
          ],
          [
            113.6614609,
            -8.4977866
          ],
          [
            113.6616379,
            -8.4977309
          ],
          [
            113.6618391,
            -8.4977362
          ],
          [
            113.662059,
            -8.4977707
          ],
          [
            113.6623192,
            -8.497768
          ],
          [
            113.6624426,
            -8.4977335
          ],
          [
            113.6625552,
            -8.497646
          ],
          [
            113.6629575,
            -8.497317
          ],
          [
            113.6632392,
            -8.4971473
          ],
          [
            113.6635342,
            -8.4970836
          ],
          [
            113.6638212,
            -8.4970332
          ],
          [
            113.6648405,
            -8.4968051
          ],
          [
            113.6652052,
            -8.4967573
          ],
          [
            113.665511,
            -8.4967732
          ],
          [
            113.665967,
            -8.4968899
          ],
          [
            113.6670399,
            -8.4971393
          ],
          [
            113.668043,
            -8.4975797
          ],
          [
            113.6686546,
            -8.4978662
          ],
          [
            113.6690032,
            -8.4979033
          ],
          [
            113.6693948,
            -8.4978503
          ],
          [
            113.6696845,
            -8.4977017
          ],
          [
            113.6698991,
            -8.4974258
          ],
          [
            113.6699957,
            -8.4971871
          ],
          [
            113.6699978,
            -8.4971343
          ],
          [
            113.6700118,
            -8.4967732
          ],
          [
            113.6697972,
            -8.4960198
          ],
          [
            113.669824,
            -8.495728
          ],
          [
            113.6698991,
            -8.4953832
          ],
          [
            113.6701979,
            -8.4948221
          ],
          [
            113.6704463,
            -8.4942345
          ],
          [
            113.6705321,
            -8.4941311
          ],
          [
            113.6706689,
            -8.4940621
          ],
          [
            113.6708647,
            -8.4940117
          ],
          [
            113.6711222,
            -8.4939321
          ],
          [
            113.6712134,
            -8.4938764
          ],
          [
            113.6712858,
            -8.4937756
          ],
          [
            113.6714521,
            -8.4934228
          ],
          [
            113.6715433,
            -8.4933114
          ],
          [
            113.671723,
            -8.4931867
          ],
          [
            113.6726832,
            -8.4925182
          ],
          [
            113.67293,
            -8.4922741
          ],
          [
            113.6732465,
            -8.4919292
          ],
          [
            113.673453,
            -8.4918444
          ],
          [
            113.6737722,
            -8.4918072
          ],
          [
            113.6745179,
            -8.4917807
          ],
          [
            113.67488,
            -8.4918629
          ],
          [
            113.6751214,
            -8.4918656
          ],
          [
            113.6752903,
            -8.4918311
          ],
          [
            113.6754982,
            -8.4917794
          ],
          [
            113.6756605,
            -8.491721
          ],
          [
            113.6757302,
            -8.4916666
          ],
          [
            113.6757731,
            -8.491599
          ],
          [
            113.6758791,
            -8.4914451
          ],
          [
            113.6760172,
            -8.4913841
          ],
          [
            113.6764115,
            -8.4913138
          ],
          [
            113.6771974,
            -8.4913828
          ],
          [
            113.6774817,
            -8.4914146
          ],
          [
            113.6778545,
            -8.4915154
          ],
          [
            113.6780423,
            -8.4915313
          ],
          [
            113.6783963,
            -8.4915632
          ],
          [
            113.6785948,
            -8.4916534
          ],
          [
            113.6787531,
            -8.4917329
          ],
          [
            113.6788684,
            -8.491908
          ],
          [
            113.6788926,
            -8.4920327
          ],
          [
            113.6788228,
            -8.4925155
          ],
          [
            113.6787289,
            -8.4927145
          ],
          [
            113.6786243,
            -8.4929559
          ],
          [
            113.6786029,
            -8.4930806
          ],
          [
            113.6786324,
            -8.4931734
          ],
          [
            113.6786887,
            -8.4932026
          ],
          [
            113.6788282,
            -8.493192
          ],
          [
            113.6791044,
            -8.4929373
          ],
          [
            113.6795443,
            -8.4925924
          ],
          [
            113.6797428,
            -8.4925235
          ],
          [
            113.680011,
            -8.4925288
          ],
          [
            113.6802846,
            -8.4926349
          ],
          [
            113.6807352,
            -8.493054
          ],
          [
            113.6811268,
            -8.4934015
          ],
          [
            113.6812207,
            -8.4933936
          ],
          [
            113.6813173,
            -8.4933538
          ],
          [
            113.6815694,
            -8.4929824
          ],
          [
            113.6817571,
            -8.49281
          ],
          [
            113.6818993,
            -8.4926959
          ],
          [
            113.6819556,
            -8.492619
          ],
          [
            113.6820039,
            -8.4924757
          ],
          [
            113.6820844,
            -8.4922051
          ],
          [
            113.6821622,
            -8.4920884
          ],
          [
            113.6825913,
            -8.4917382
          ],
          [
            113.6830258,
            -8.4914783
          ],
          [
            113.6832994,
            -8.4914464
          ],
          [
            113.6837017,
            -8.491526
          ],
          [
            113.6845118,
            -8.491717
          ],
          [
            113.6852252,
            -8.4920407
          ],
          [
            113.6854559,
            -8.4922104
          ],
          [
            113.6855847,
            -8.492359
          ],
          [
            113.6855793,
            -8.4925553
          ],
          [
            113.685464,
            -8.4929506
          ],
          [
            113.6854881,
            -8.4931018
          ],
          [
            113.6855257,
            -8.4931734
          ],
          [
            113.685649,
            -8.4931973
          ],
          [
            113.6860594,
            -8.493115
          ],
          [
            113.6862284,
            -8.4931442
          ],
          [
            113.6864054,
            -8.4932158
          ],
          [
            113.6865073,
            -8.4934254
          ],
          [
            113.6865395,
            -8.4938393
          ],
          [
            113.6864671,
            -8.4943804
          ],
          [
            113.6864349,
            -8.4945688
          ],
          [
            113.6864161,
            -8.4947359
          ],
          [
            113.6864296,
            -8.4948579
          ],
          [
            113.6864349,
            -8.494972
          ],
          [
            113.6863947,
            -8.4950887
          ],
          [
            113.6862405,
            -8.4952081
          ],
          [
            113.6861908,
            -8.4953222
          ],
          [
            113.6861506,
            -8.49548
          ],
          [
            113.686152,
            -8.4955556
          ],
          [
            113.6861801,
            -8.4955782
          ],
          [
            113.6862431,
            -8.49561
          ],
          [
            113.6862874,
            -8.4956604
          ],
          [
            113.6863169,
            -8.4957227
          ],
          [
            113.6863169,
            -8.4958222
          ],
          [
            113.6863357,
            -8.4958965
          ],
          [
            113.686384,
            -8.4960039
          ],
          [
            113.686388,
            -8.4960742
          ],
          [
            113.6863732,
            -8.4961392
          ],
          [
            113.6863612,
            -8.4961817
          ],
          [
            113.6863115,
            -8.4962748
          ],
          [
            113.6862592,
            -8.4963528
          ],
          [
            113.6862499,
            -8.4964032
          ],
          [
            113.6862673,
            -8.4964801
          ],
          [
            113.6863343,
            -8.4965332
          ],
          [
            113.6864148,
            -8.4965385
          ],
          [
            113.686502,
            -8.4965159
          ],
          [
            113.6865771,
            -8.4965159
          ],
          [
            113.6866187,
            -8.4965358
          ],
          [
            113.6866549,
            -8.4965809
          ],
          [
            113.6866302,
            -8.4966717
          ],
          [
            113.6865757,
            -8.4968966
          ],
          [
            113.6865932,
            -8.4969656
          ],
          [
            113.6866468,
            -8.497012
          ],
          [
            113.6867461,
            -8.4970359
          ],
          [
            113.6871672,
            -8.4969536
          ],
          [
            113.6873308,
            -8.4969642
          ],
          [
            113.6874515,
            -8.4970332
          ],
          [
            113.6875185,
            -8.4971234
          ],
          [
            113.6875829,
            -8.4972879
          ],
          [
            113.6876848,
            -8.4975425
          ],
          [
            113.6877075,
            -8.4977097
          ],
          [
            113.6876526,
            -8.4978821
          ],
          [
            113.6875132,
            -8.4980917
          ],
          [
            113.6872249,
            -8.4984989
          ],
          [
            113.687131,
            -8.4985572
          ],
          [
            113.6869901,
            -8.4986474
          ],
          [
            113.6868252,
            -8.4987031
          ],
          [
            113.6867876,
            -8.4987482
          ],
          [
            113.6867943,
            -8.4988079
          ],
          [
            113.686907,
            -8.4989326
          ],
          [
            113.686966,
            -8.4990546
          ],
          [
            113.6869606,
            -8.4991899
          ],
          [
            113.6868012,
            -8.4996271
          ],
          [
            113.6867622,
            -8.4998398
          ],
          [
            113.6867005,
            -8.5002404
          ],
          [
            113.6866415,
            -8.5004818
          ],
          [
            113.686561,
            -8.5006781
          ],
          [
            113.6865395,
            -8.5007603
          ],
          [
            113.6865744,
            -8.5008823
          ],
          [
            113.6866495,
            -8.5009354
          ],
          [
            113.6868641,
            -8.5010442
          ],
          [
            113.6869016,
            -8.5011184
          ],
          [
            113.6868775,
            -8.5012033
          ],
          [
            113.6868104,
            -8.5012325
          ],
          [
            113.6867139,
            -8.5012696
          ],
          [
            113.6866817,
            -8.5013413
          ],
          [
            113.6866844,
            -8.5014474
          ],
          [
            113.6867595,
            -8.5016251
          ],
          [
            113.6867702,
            -8.5017206
          ],
          [
            113.6867273,
            -8.5017843
          ],
          [
            113.6866334,
            -8.5017975
          ],
          [
            113.6865127,
            -8.5017312
          ],
          [
            113.6864349,
            -8.5017392
          ],
          [
            113.6863786,
            -8.5017816
          ],
          [
            113.6863679,
            -8.5018479
          ],
          [
            113.6864108,
            -8.5019355
          ],
          [
            113.6866012,
            -8.5021636
          ],
          [
            113.686856,
            -8.5025058
          ],
          [
            113.6873013,
            -8.5032565
          ],
          [
            113.6873281,
            -8.5034608
          ],
          [
            113.6872986,
            -8.5036306
          ],
          [
            113.6870921,
            -8.5038454
          ],
          [
            113.6870384,
            -8.5039542
          ],
          [
            113.6870438,
            -8.5040603
          ],
          [
            113.6870813,
            -8.5041028
          ],
          [
            113.6872825,
            -8.5041187
          ],
          [
            113.6875802,
            -8.5041823
          ],
          [
            113.6877117,
            -8.5041691
          ],
          [
            113.6879879,
            -8.5041426
          ],
          [
            113.6881381,
            -8.5041717
          ],
          [
            113.6882722,
            -8.5042646
          ],
          [
            113.6884519,
            -8.5044609
          ],
          [
            113.6885539,
            -8.5045192
          ],
          [
            113.6886826,
            -8.5045365
          ],
          [
            113.6887899,
            -8.5045444
          ],
          [
            113.6888959,
            -8.504563
          ],
          [
            113.6889937,
            -8.5046121
          ],
          [
            113.6890876,
            -8.5046917
          ],
          [
            113.6892083,
            -8.5048137
          ],
          [
            113.6894497,
            -8.5049782
          ],
          [
            113.689667,
            -8.5050843
          ],
          [
            113.6897649,
            -8.5050776
          ],
          [
            113.6898386,
            -8.5050259
          ],
          [
            113.6899701,
            -8.5047819
          ],
          [
            113.6900425,
            -8.5047155
          ],
          [
            113.6901806,
            -8.5046413
          ],
          [
            113.6907989,
            -8.504445
          ],
          [
            113.6910188,
            -8.5042646
          ],
          [
            113.6911797,
            -8.5040338
          ],
          [
            113.6913943,
            -8.5037181
          ],
          [
            113.6915767,
            -8.5033308
          ],
          [
            113.6916867,
            -8.5031
          ],
          [
            113.6917591,
            -8.5028533
          ],
          [
            113.6917645,
            -8.5026278
          ],
          [
            113.6917269,
            -8.5023679
          ],
          [
            113.691743,
            -8.502214
          ],
          [
            113.6917967,
            -8.5020549
          ],
          [
            113.691963,
            -8.5018559
          ],
          [
            113.6924082,
            -8.5016835
          ],
          [
            113.6927542,
            -8.5015588
          ],
          [
            113.692832,
            -8.5014872
          ],
          [
            113.6928749,
            -8.5013837
          ],
          [
            113.6929741,
            -8.5012325
          ],
          [
            113.6931217,
            -8.5011715
          ],
          [
            113.6933121,
            -8.5011556
          ],
          [
            113.6935294,
            -8.5012272
          ],
          [
            113.6936313,
            -8.5012246
          ],
          [
            113.6937198,
            -8.5011874
          ],
          [
            113.69398,
            -8.5009221
          ],
          [
            113.6940846,
            -8.5008532
          ],
          [
            113.6941999,
            -8.5008532
          ],
          [
            113.6942777,
            -8.5008903
          ],
          [
            113.694452,
            -8.5009885
          ],
          [
            113.6945459,
            -8.501015
          ],
          [
            113.6946316,
            -8.5009625
          ],
          [
            113.6947364,
            -8.5008532
          ],
          [
            113.6948208,
            -8.5006277
          ],
          [
            113.6948276,
            -8.5004844
          ],
          [
            113.6948088,
            -8.5003545
          ],
          [
            113.6948034,
            -8.5003027
          ],
          [
            113.6948007,
            -8.5002815
          ],
          [
            113.6948222,
            -8.5002457
          ],
          [
            113.6948758,
            -8.5002086
          ],
          [
            113.6950663,
            -8.5002059
          ],
          [
            113.6951736,
            -8.5001502
          ],
          [
            113.695254,
            -8.5000043
          ],
          [
            113.6952728,
            -8.4998823
          ],
          [
            113.6952379,
            -8.4997841
          ],
          [
            113.6951601,
            -8.4997151
          ],
          [
            113.6949483,
            -8.4996886
          ],
          [
            113.6948168,
            -8.4996409
          ],
          [
            113.6947404,
            -8.4995865
          ],
          [
            113.6946304,
            -8.4995321
          ],
          [
            113.6944869,
            -8.499479
          ],
          [
            113.6944199,
            -8.499426
          ],
          [
            113.6943743,
            -8.4993385
          ],
          [
            113.6943743,
            -8.4992854
          ],
          [
            113.6943843,
            -8.4992085
          ],
          [
            113.6943917,
            -8.4991859
          ],
          [
            113.6943984,
            -8.4990838
          ],
          [
            113.6944105,
            -8.4989259
          ],
          [
            113.6944011,
            -8.4988583
          ],
          [
            113.694393,
            -8.4987827
          ],
          [
            113.6944064,
            -8.4987177
          ],
          [
            113.6944869,
            -8.4986302
          ],
          [
            113.6946613,
            -8.4984153
          ],
          [
            113.6948396,
            -8.4982429
          ],
          [
            113.695022,
            -8.4981116
          ],
          [
            113.695085,
            -8.4980253
          ],
          [
            113.695077,
            -8.497963
          ],
          [
            113.6950327,
            -8.497894
          ],
          [
            113.6948302,
            -8.4977548
          ],
          [
            113.6947042,
            -8.4976539
          ],
          [
            113.6945593,
            -8.4975027
          ],
          [
            113.6945245,
            -8.4972958
          ],
          [
            113.6945727,
            -8.4970412
          ],
          [
            113.6947498,
            -8.4967653
          ],
          [
            113.6948758,
            -8.4965928
          ],
          [
            113.6948892,
            -8.496508
          ],
          [
            113.6948302,
            -8.4963037
          ],
          [
            113.6948517,
            -8.4961604
          ],
          [
            113.6949348,
            -8.4959403
          ],
          [
            113.6951011,
            -8.4955636
          ],
          [
            113.6952487,
            -8.4953938
          ],
          [
            113.6953372,
            -8.4953593
          ],
          [
            113.6954418,
            -8.4953646
          ],
          [
            113.6956644,
            -8.4953381
          ],
          [
            113.6957958,
            -8.4952956
          ],
          [
            113.6958763,
            -8.4952293
          ],
          [
            113.6959434,
            -8.4951073
          ],
          [
            113.696107,
            -8.4949508
          ],
          [
            113.6962706,
            -8.4948765
          ],
          [
            113.6965534,
            -8.4948164
          ],
          [
            113.6967873,
            -8.4947352
          ],
          [
            113.6971088,
            -8.4946125
          ],
          [
            113.6972778,
            -8.4945648
          ],
          [
            113.6976184,
            -8.4944971
          ],
          [
            113.697778,
            -8.4944335
          ],
          [
            113.6979362,
            -8.4943048
          ],
          [
            113.6979979,
            -8.4941682
          ],
          [
            113.6980661,
            -8.493985
          ],
          [
            113.6981287,
            -8.4938638
          ],
          [
            113.6982313,
            -8.4937676
          ],
          [
            113.6983506,
            -8.493688
          ],
          [
            113.6984244,
            -8.4936138
          ],
          [
            113.6984633,
            -8.4935143
          ],
          [
            113.6985236,
            -8.4933564
          ],
          [
            113.6986336,
            -8.4932331
          ],
          [
            113.6988495,
            -8.4931774
          ],
          [
            113.6990212,
            -8.4931999
          ],
          [
            113.6993283,
            -8.4933087
          ],
          [
            113.6994705,
            -8.4932981
          ],
          [
            113.699741,
            -8.4932203
          ],
          [
            113.6999854,
            -8.493164
          ],
          [
            113.7001308,
            -8.4930807
          ],
          [
            113.7001961,
            -8.4928952
          ],
          [
            113.7001877,
            -8.4927473
          ],
          [
            113.7001097,
            -8.492541
          ],
          [
            113.7000318,
            -8.4924306
          ],
          [
            113.6998647,
            -8.4922635
          ],
          [
            113.6998326,
            -8.492099
          ],
          [
            113.6998864,
            -8.4917742
          ],
          [
            113.7000632,
            -8.4915419
          ],
          [
            113.7001786,
            -8.491465
          ],
          [
            113.7003478,
            -8.4914471
          ],
          [
            113.7005138,
            -8.4914066
          ],
          [
            113.7005997,
            -8.4914173
          ],
          [
            113.7006748,
            -8.4914783
          ],
          [
            113.7007123,
            -8.4916348
          ],
          [
            113.7007606,
            -8.4916931
          ],
          [
            113.7008464,
            -8.4916746
          ],
          [
            113.7009215,
            -8.4915976
          ],
          [
            113.7010637,
            -8.4914756
          ],
          [
            113.7013106,
            -8.4912179
          ],
          [
            113.701536,
            -8.4910324
          ],
          [
            113.7018078,
            -8.490922
          ],
          [
            113.7019511,
            -8.490824
          ],
          [
            113.7021312,
            -8.49064
          ],
          [
            113.7023297,
            -8.4905206
          ],
          [
            113.7025899,
            -8.4904331
          ],
          [
            113.7028393,
            -8.4904251
          ],
          [
            113.703019,
            -8.4904808
          ],
          [
            113.7032202,
            -8.490579
          ],
          [
            113.7033758,
            -8.4906241
          ],
          [
            113.7034616,
            -8.4905922
          ],
          [
            113.703526,
            -8.4904835
          ],
          [
            113.7035394,
            -8.4903827
          ],
          [
            113.7034911,
            -8.4901094
          ],
          [
            113.7032872,
            -8.4897858
          ],
          [
            113.7032765,
            -8.4896637
          ],
          [
            113.7033074,
            -8.4895974
          ],
          [
            113.7034857,
            -8.4894462
          ],
          [
            113.7035045,
            -8.4893189
          ],
          [
            113.7034777,
            -8.4892181
          ],
          [
            113.7033623,
            -8.4890669
          ],
          [
            113.7031853,
            -8.4889687
          ],
          [
            113.7028671,
            -8.4888908
          ],
          [
            113.7023699,
            -8.4888467
          ],
          [
            113.7021232,
            -8.4887193
          ],
          [
            113.7016813,
            -8.4883721
          ],
          [
            113.7011331,
            -8.4876472
          ],
          [
            113.7009752,
            -8.4871382
          ],
          [
            113.7009014,
            -8.4866474
          ],
          [
            113.700825,
            -8.485658
          ],
          [
            113.7008411,
            -8.4853343
          ],
          [
            113.7009108,
            -8.485016
          ],
          [
            113.7010717,
            -8.4846446
          ],
          [
            113.7015502,
            -8.4841404
          ],
          [
            113.7020388,
            -8.483775
          ],
          [
            113.702319,
            -8.4836657
          ],
          [
            113.7024289,
            -8.4835808
          ],
          [
            113.7024853,
            -8.4834455
          ],
          [
            113.7026355,
            -8.4830555
          ],
          [
            113.7027132,
            -8.482968
          ],
          [
            113.7028339,
            -8.482899
          ],
          [
            113.7030861,
            -8.4827531
          ],
          [
            113.7035501,
            -8.4825807
          ],
          [
            113.7039658,
            -8.4823605
          ],
          [
            113.7048751,
            -8.4820819
          ],
          [
            113.7060392,
            -8.4817954
          ],
          [
            113.7072623,
            -8.4816946
          ],
          [
            113.7080079,
            -8.4816415
          ],
          [
            113.7089118,
            -8.4817026
          ],
          [
            113.7096521,
            -8.4817503
          ],
          [
            113.7099043,
            -8.4817543
          ],
          [
            113.7101671,
            -8.4817549
          ],
          [
            113.7104306,
            -8.4817622
          ],
          [
            113.710666,
            -8.4817768
          ],
          [
            113.7109771,
            -8.4818193
          ],
          [
            113.7111917,
            -8.481875
          ],
          [
            113.7113714,
            -8.481936
          ],
          [
            113.7115538,
            -8.4820076
          ],
          [
            113.7117282,
            -8.4820925
          ],
          [
            113.7121117,
            -8.4822782
          ],
          [
            113.714505,
            -8.4834803
          ],
          [
            113.7162808,
            -8.4844882
          ],
          [
            113.7174308,
            -8.4849597
          ],
          [
            113.7177251,
            -8.485187
          ],
          [
            113.7180541,
            -8.4854411
          ],
          [
            113.7180394,
            -8.4854935
          ],
          [
            113.7182055,
            -8.4857318
          ],
          [
            113.7184141,
            -8.4861679
          ],
          [
            113.7190586,
            -8.4869313
          ],
          [
            113.7193,
            -8.4873133
          ],
          [
            113.7193966,
            -8.48769
          ],
          [
            113.7193161,
            -8.4879659
          ],
          [
            113.7189623,
            -8.4882896
          ],
          [
            113.7187299,
            -8.4887199
          ],
          [
            113.7185988,
            -8.4896982
          ],
          [
            113.7187061,
            -8.490099
          ],
          [
            113.7190576,
            -8.4905823
          ],
          [
            113.7193242,
            -8.4908416
          ],
          [
            113.7195548,
            -8.4911414
          ],
          [
            113.7196568,
            -8.4914968
          ],
          [
            113.7197533,
            -8.4918576
          ],
          [
            113.7198418,
            -8.4922104
          ],
          [
            113.7199733,
            -8.4925765
          ],
          [
            113.7201315,
            -8.4929293
          ],
          [
            113.7204909,
            -8.4936164
          ],
          [
            113.7207738,
            -8.4938473
          ],
          [
            113.7213518,
            -8.4941833
          ],
          [
            113.7217392,
            -8.4945781
          ],
          [
            113.7219716,
            -8.495026
          ],
          [
            113.7220654,
            -8.495484
          ],
          [
            113.7221566,
            -8.4958819
          ],
          [
            113.7222612,
            -8.4961233
          ],
          [
            113.7223175,
            -8.4964522
          ],
          [
            113.7222874,
            -8.4967646
          ],
          [
            113.722055,
            -8.4974012
          ],
          [
            113.7213816,
            -8.4984856
          ],
          [
            113.7207645,
            -8.4991501
          ],
          [
            113.7206733,
            -8.4993676
          ],
          [
            113.7207082,
            -8.4995586
          ],
          [
            113.7211025,
            -8.5002483
          ],
          [
            113.7211561,
            -8.5010972
          ],
          [
            113.7210479,
            -8.5017918
          ],
          [
            113.7208334,
            -8.5023046
          ],
          [
            113.7201481,
            -8.503218
          ],
          [
            113.719737,
            -8.5036424
          ],
          [
            113.7190755,
            -8.5040431
          ],
          [
            113.7185988,
            -8.504326
          ],
          [
            113.7182055,
            -8.5047503
          ],
          [
            113.7180208,
            -8.505269
          ],
          [
            113.7180126,
            -8.5058509
          ],
          [
            113.7180208,
            -8.5069309
          ],
          [
            113.7179076,
            -8.5075379
          ],
          [
            113.7176454,
            -8.5079622
          ],
          [
            113.7171704,
            -8.5084293
          ],
          [
            113.717047,
            -8.5089758
          ],
          [
            113.7170845,
            -8.5093418
          ],
          [
            113.717258,
            -8.5097951
          ],
          [
            113.717562,
            -8.5100315
          ],
          [
            113.7179375,
            -8.5101536
          ],
          [
            113.7187743,
            -8.5103339
          ],
          [
            113.7191981,
            -8.5104029
          ],
          [
            113.7195414,
            -8.5105196
          ],
          [
            113.7197429,
            -8.5105966
          ],
          [
            113.7199008,
            -8.5109122
          ],
          [
            113.7199217,
            -8.5111623
          ],
          [
            113.7197668,
            -8.511681
          ],
          [
            113.7196595,
            -8.5121171
          ],
          [
            113.71929,
            -8.512671
          ],
          [
            113.7190815,
            -8.5128537
          ],
          [
            113.7187314,
            -8.5129654
          ],
          [
            113.7184677,
            -8.5130423
          ],
          [
            113.7182174,
            -8.5130836
          ],
          [
            113.7180501,
            -8.5130662
          ],
          [
            113.717857,
            -8.513098
          ],
          [
            113.7176317,
            -8.5131299
          ],
          [
            113.7174922,
            -8.5130609
          ],
          [
            113.7174131,
            -8.5129044
          ],
          [
            113.7173541,
            -8.5128487
          ],
          [
            113.717283,
            -8.5128275
          ],
          [
            113.7170256,
            -8.5128832
          ],
          [
            113.7168171,
            -8.5130777
          ],
          [
            113.7166085,
            -8.5134902
          ],
          [
            113.7163523,
            -8.5136788
          ],
          [
            113.715804,
            -8.5139204
          ],
          [
            113.7154221,
            -8.5139658
          ],
          [
            113.7151802,
            -8.5139946
          ],
          [
            113.7146437,
            -8.5141007
          ],
          [
            113.7139329,
            -8.5142033
          ],
          [
            113.713375,
            -8.5144482
          ],
          [
            113.71319,
            -8.5146657
          ],
          [
            113.7130854,
            -8.5149549
          ],
          [
            113.7130424,
            -8.5153236
          ],
          [
            113.713057,
            -8.5157296
          ],
          [
            113.7131149,
            -8.5163488
          ],
          [
            113.7131765,
            -8.516626
          ],
          [
            113.7132655,
            -8.5169613
          ],
          [
            113.7134421,
            -8.5171831
          ],
          [
            113.7136137,
            -8.5174271
          ],
          [
            113.7136835,
            -8.5176287
          ],
          [
            113.7136352,
            -8.5180266
          ],
          [
            113.7136084,
            -8.5183609
          ],
          [
            113.7135601,
            -8.5186951
          ],
          [
            113.7135547,
            -8.5189816
          ],
          [
            113.7135601,
            -8.5192521
          ],
          [
            113.7137559,
            -8.5198012
          ],
          [
            113.7138444,
            -8.5199763
          ],
          [
            113.7138069,
            -8.5201169
          ],
          [
            113.7135842,
            -8.5203211
          ],
          [
            113.713375,
            -8.5205572
          ],
          [
            113.7131188,
            -8.5207655
          ],
          [
            113.7127112,
            -8.5209299
          ],
          [
            113.7124523,
            -8.5211726
          ],
          [
            113.7122164,
            -8.521215
          ],
          [
            113.7119052,
            -8.5214458
          ],
          [
            113.7115565,
            -8.5216103
          ],
          [
            113.7113875,
            -8.5216952
          ],
          [
            113.7113259,
            -8.5218915
          ],
          [
            113.7113285,
            -8.5221143
          ],
          [
            113.7111139,
            -8.5222363
          ],
          [
            113.7109449,
            -8.522483
          ],
          [
            113.7108457,
            -8.5227801
          ],
          [
            113.7109235,
            -8.5231568
          ],
          [
            113.7110656,
            -8.5235652
          ],
          [
            113.7115914,
            -8.5237456
          ],
          [
            113.7119561,
            -8.5239924
          ],
          [
            113.7121921,
            -8.5243557
          ],
          [
            113.712219,
            -8.524759
          ],
          [
            113.7121841,
            -8.5251489
          ],
          [
            113.7121332,
            -8.5252868
          ],
          [
            113.7118462,
            -8.5255547
          ],
          [
            113.7117576,
            -8.5257457
          ],
          [
            113.7117228,
            -8.5261833
          ],
          [
            113.7117206,
            -8.5264597
          ],
          [
            113.7116544,
            -8.5267629
          ],
          [
            113.7116531,
            -8.5269923
          ],
          [
            113.71174,
            -8.5273628
          ],
          [
            113.7118649,
            -8.5276264
          ],
          [
            113.7122763,
            -8.5280287
          ],
          [
            113.7125087,
            -8.5282114
          ],
          [
            113.7128493,
            -8.5282762
          ],
          [
            113.7129754,
            -8.528247
          ],
          [
            113.7132356,
            -8.5280534
          ],
          [
            113.7134367,
            -8.5279208
          ],
          [
            113.7135976,
            -8.5278465
          ],
          [
            113.713839,
            -8.5278359
          ],
          [
            113.714177,
            -8.5278996
          ],
          [
            113.7144291,
            -8.5279049
          ],
          [
            113.7145686,
            -8.527873
          ],
          [
            113.7148315,
            -8.5277404
          ],
          [
            113.7151909,
            -8.5274805
          ],
          [
            113.7152975,
            -8.5273569
          ],
          [
            113.7154645,
            -8.5272895
          ],
          [
            113.7156737,
            -8.5272417
          ],
          [
            113.7161672,
            -8.5271675
          ],
          [
            113.716312,
            -8.5270932
          ],
          [
            113.7164408,
            -8.5268969
          ],
          [
            113.7166205,
            -8.5264141
          ],
          [
            113.7167184,
            -8.5261992
          ],
          [
            113.716827,
            -8.5259924
          ],
          [
            113.7168378,
            -8.525812
          ],
          [
            113.7167788,
            -8.5257032
          ],
          [
            113.7166017,
            -8.5255786
          ],
          [
            113.7165266,
            -8.5254778
          ],
          [
            113.7165213,
            -8.5253664
          ],
          [
            113.7166044,
            -8.5252735
          ],
          [
            113.7169719,
            -8.5251329
          ],
          [
            113.7170577,
            -8.525056
          ],
          [
            113.7170604,
            -8.5249632
          ],
          [
            113.7170175,
            -8.5249207
          ],
          [
            113.7168699,
            -8.5249366
          ],
          [
            113.7165266,
            -8.5250003
          ],
          [
            113.7164032,
            -8.5249844
          ],
          [
            113.7163013,
            -8.5248544
          ],
          [
            113.7162584,
            -8.5247085
          ],
          [
            113.7162584,
            -8.5246157
          ],
          [
            113.7163389,
            -8.5245202
          ],
          [
            113.7165736,
            -8.5243663
          ],
          [
            113.7166513,
            -8.5242854
          ],
          [
            113.7169383,
            -8.5240202
          ],
          [
            113.7169544,
            -8.5239539
          ],
          [
            113.7169397,
            -8.5239128
          ],
          [
            113.7166741,
            -8.523812
          ],
          [
            113.7166232,
            -8.5236966
          ],
          [
            113.7166607,
            -8.5235746
          ],
          [
            113.7167305,
            -8.5235069
          ],
          [
            113.7168826,
            -8.5234556
          ],
          [
            113.7172997,
            -8.5233319
          ],
          [
            113.7177095,
            -8.5231369
          ],
          [
            113.7177873,
            -8.5230639
          ],
          [
            113.7177899,
            -8.5229844
          ],
          [
            113.7177564,
            -8.5229194
          ],
          [
            113.7175673,
            -8.522735
          ],
          [
            113.7175378,
            -8.5226156
          ],
          [
            113.7176022,
            -8.5224751
          ],
          [
            113.7177658,
            -8.5223185
          ],
          [
            113.7181789,
            -8.5220268
          ],
          [
            113.718203,
            -8.5219472
          ],
          [
            113.7181869,
            -8.5219021
          ],
          [
            113.7179911,
            -8.5217642
          ],
          [
            113.7179589,
            -8.5216793
          ],
          [
            113.7179643,
            -8.5215705
          ],
          [
            113.7183143,
            -8.5208689
          ],
          [
            113.7185973,
            -8.5204909
          ],
          [
            113.7186912,
            -8.5204564
          ],
          [
            113.7188575,
            -8.5204538
          ],
          [
            113.7191947,
            -8.5205091
          ],
          [
            113.7193242,
            -8.5204843
          ],
          [
            113.7194207,
            -8.5204432
          ],
          [
            113.7197305,
            -8.5202721
          ],
          [
            113.7197413,
            -8.5202396
          ],
          [
            113.7197272,
            -8.5202097
          ],
          [
            113.7197111,
            -8.5201932
          ],
          [
            113.7194744,
            -8.5201633
          ],
          [
            113.7194211,
            -8.520126
          ],
          [
            113.719402,
            -8.5200187
          ],
          [
            113.7194368,
            -8.5199577
          ],
          [
            113.7195173,
            -8.5199206
          ],
          [
            113.7197627,
            -8.5198331
          ],
          [
            113.7197976,
            -8.5197866
          ],
          [
            113.7197962,
            -8.5197376
          ],
          [
            113.7197614,
            -8.5196779
          ],
          [
            113.7196219,
            -8.5196169
          ],
          [
            113.7195508,
            -8.5195877
          ],
          [
            113.7195414,
            -8.5195492
          ],
          [
            113.7195589,
            -8.5195094
          ],
          [
            113.7196165,
            -8.5194909
          ],
          [
            113.7197748,
            -8.5194988
          ],
          [
            113.7201275,
            -8.5195148
          ],
          [
            113.7202509,
            -8.5194763
          ],
          [
            113.7202911,
            -8.5194179
          ],
          [
            113.7202884,
            -8.5193516
          ],
          [
            113.7202589,
            -8.5193105
          ],
          [
            113.7199008,
            -8.5192588
          ],
          [
            113.7198552,
            -8.5192309
          ],
          [
            113.7198338,
            -8.5191779
          ],
          [
            113.7198442,
            -8.5191183
          ],
          [
            113.7200712,
            -8.5189431
          ],
          [
            113.720458,
            -8.5187352
          ],
          [
            113.7208692,
            -8.5184818
          ],
          [
            113.7212446,
            -8.5183078
          ],
          [
            113.7213492,
            -8.5182017
          ],
          [
            113.7214565,
            -8.5180744
          ],
          [
            113.7216362,
            -8.5178967
          ],
          [
            113.721822,
            -8.5176759
          ],
          [
            113.7220037,
            -8.5174921
          ],
          [
            113.7222874,
            -8.5173267
          ],
          [
            113.7226211,
            -8.5171263
          ],
          [
            113.7229921,
            -8.5169709
          ],
          [
            113.7233183,
            -8.5169024
          ],
          [
            113.7238069,
            -8.5169672
          ],
          [
            113.7240958,
            -8.5170823
          ],
          [
            113.7244874,
            -8.5174059
          ],
          [
            113.7249749,
            -8.5177923
          ],
          [
            113.7250829,
            -8.5179338
          ],
          [
            113.7251204,
            -8.5180479
          ],
          [
            113.7251097,
            -8.5181487
          ],
          [
            113.7250695,
            -8.5182335
          ],
          [
            113.7249434,
            -8.5183529
          ],
          [
            113.7248763,
            -8.5184749
          ],
          [
            113.7248871,
            -8.5185996
          ],
          [
            113.7249944,
            -8.5187959
          ],
          [
            113.725504,
            -8.5191673
          ],
          [
            113.725622,
            -8.5193503
          ],
          [
            113.7256193,
            -8.5193556
          ],
          [
            113.7256998,
            -8.5197031
          ],
          [
            113.7256703,
            -8.5198543
          ],
          [
            113.7254691,
            -8.520162
          ],
          [
            113.7254584,
            -8.5203636
          ],
          [
            113.7254637,
            -8.5204485
          ],
          [
            113.7255362,
            -8.5205784
          ],
          [
            113.725622,
            -8.5206103
          ],
          [
            113.7256971,
            -8.5205546
          ],
          [
            113.7258985,
            -8.5202851
          ],
          [
            113.7261905,
            -8.5199315
          ],
          [
            113.7264508,
            -8.5196792
          ],
          [
            113.7265769,
            -8.5195651
          ],
          [
            113.7266922,
            -8.5194736
          ],
          [
            113.7267163,
            -8.5194126
          ],
          [
            113.7267297,
            -8.5193423
          ],
          [
            113.726774,
            -8.51928
          ],
          [
            113.726837,
            -8.5192654
          ],
          [
            113.7269497,
            -8.5192734
          ],
          [
            113.727057,
            -8.5192508
          ],
          [
            113.7271227,
            -8.5192097
          ],
          [
            113.7272823,
            -8.5189259
          ],
          [
            113.7272984,
            -8.5188251
          ],
          [
            113.7272635,
            -8.5187508
          ],
          [
            113.7271267,
            -8.5186526
          ],
          [
            113.7269604,
            -8.518589
          ],
          [
            113.7266707,
            -8.5185518
          ],
          [
            113.7265474,
            -8.5184935
          ],
          [
            113.7265205,
            -8.51839
          ],
          [
            113.7265822,
            -8.5182229
          ],
          [
            113.7268987,
            -8.5178675
          ],
          [
            113.7270563,
            -8.5175548
          ],
          [
            113.7271916,
            -8.5172147
          ],
          [
            113.7273601,
            -8.5170452
          ],
          [
            113.7277409,
            -8.516825
          ],
          [
            113.7288433,
            -8.5164085
          ],
          [
            113.7294683,
            -8.5159576
          ],
          [
            113.7298733,
            -8.5156393
          ],
          [
            113.7301469,
            -8.5154828
          ],
          [
            113.7306632,
            -8.5153416
          ],
          [
            113.7309059,
            -8.5153263
          ],
          [
            113.7312282,
            -8.5153089
          ],
          [
            113.7313995,
            -8.5152361
          ],
          [
            113.7315094,
            -8.5151432
          ],
          [
            113.7316784,
            -8.5148992
          ],
          [
            113.7318313,
            -8.5148302
          ],
          [
            113.7320513,
            -8.5148249
          ],
          [
            113.7325338,
            -8.5148685
          ]
        ]
      },
      "id": "way/180858190"
    },
    {
      "type": "Feature",
      "properties": {
        "@id": "way/285653586",
        "natural": "coastline"
      },
      "geometry": {
        "type": "LineString",
        "coordinates": [
          [
            113.5538794,
            -8.4362356
          ],
          [
            113.5539484,
            -8.4363412
          ],
          [
            113.5541985,
            -8.4363949
          ],
          [
            113.5543644,
            -8.4361943
          ],
          [
            113.5543712,
            -8.4359752
          ],
          [
            113.554277,
            -8.4358621
          ],
          [
            113.5542699,
            -8.4358021
          ],
          [
            113.554297,
            -8.4356872
          ],
          [
            113.5544443,
            -8.4355866
          ],
          [
            113.554561,
            -8.4356535
          ],
          [
            113.5545838,
            -8.4357386
          ],
          [
            113.5547084,
            -8.4357993
          ],
          [
            113.5548252,
            -8.4356352
          ],
          [
            113.5549112,
            -8.4354347
          ],
          [
            113.554733,
            -8.4354165
          ],
          [
            113.5544566,
            -8.4352706
          ],
          [
            113.5541371,
            -8.4353861
          ],
          [
            113.5540265,
            -8.4357021
          ],
          [
            113.5538496,
            -8.4359264
          ],
          [
            113.5538794,
            -8.4362356
          ]
        ]
      },
      "id": "way/285653586"
    },
    {
      "type": "Feature",
      "properties": {
        "@id": "way/285653590",
        "natural": "coastline"
      },
      "geometry": {
        "type": "LineString",
        "coordinates": [
          [
            113.556472,
            -8.4344506
          ],
          [
            113.5561649,
            -8.4345721
          ],
          [
            113.5559375,
            -8.4346755
          ],
          [
            113.5559191,
            -8.4348213
          ],
          [
            113.5560235,
            -8.434955
          ],
          [
            113.5561034,
            -8.4350826
          ],
          [
            113.5561884,
            -8.4351738
          ],
          [
            113.5562552,
            -8.4351633
          ],
          [
            113.5563246,
            -8.4350644
          ],
          [
            113.5564536,
            -8.4351556
          ],
          [
            113.5566564,
            -8.4351799
          ],
          [
            113.5567977,
            -8.4351373
          ],
          [
            113.5568837,
            -8.4351677
          ],
          [
            113.5570864,
            -8.4350644
          ],
          [
            113.5571478,
            -8.4349611
          ],
          [
            113.5571594,
            -8.4348289
          ],
          [
            113.5571724,
            -8.4346511
          ],
          [
            113.5572093,
            -8.4345721
          ],
          [
            113.5570987,
            -8.4345174
          ],
          [
            113.556939,
            -8.4345114
          ],
          [
            113.5568222,
            -8.434481
          ],
          [
            113.5567915,
            -8.4345357
          ],
          [
            113.5566625,
            -8.4345053
          ],
          [
            113.556472,
            -8.4344506
          ]
        ]
      },
      "id": "way/285653590"
    },
    {
      "type": "Feature",
      "properties": {
        "@id": "way/285653594",
        "natural": "coastline"
      },
      "geometry": {
        "type": "LineString",
        "coordinates": [
          [
            113.5576704,
            -8.4359248
          ],
          [
            113.5575879,
            -8.4359463
          ],
          [
            113.5574662,
            -8.4358604
          ],
          [
            113.5573707,
            -8.4358475
          ],
          [
            113.5574141,
            -8.436028
          ],
          [
            113.5575227,
            -8.4360838
          ],
          [
            113.5577573,
            -8.4360838
          ],
          [
            113.5577139,
            -8.4361569
          ],
          [
            113.557879,
            -8.4361827
          ],
          [
            113.5579572,
            -8.4360752
          ],
          [
            113.5580918,
            -8.4360666
          ],
          [
            113.5582439,
            -8.4360752
          ],
          [
            113.5583699,
            -8.4360752
          ],
          [
            113.5583177,
            -8.435942
          ],
          [
            113.5584307,
            -8.4358776
          ],
          [
            113.558561,
            -8.4356928
          ],
          [
            113.5586783,
            -8.4355553
          ],
          [
            113.5587521,
            -8.4356412
          ],
          [
            113.558952,
            -8.4356842
          ],
          [
            113.5589998,
            -8.4356326
          ],
          [
            113.5589259,
            -8.4354521
          ],
          [
            113.558813,
            -8.4353791
          ],
          [
            113.5587391,
            -8.4352244
          ],
          [
            113.5585132,
            -8.4350697
          ],
          [
            113.5584003,
            -8.4351427
          ],
          [
            113.5582048,
            -8.4351599
          ],
          [
            113.5582482,
            -8.4352416
          ],
          [
            113.5581222,
            -8.4353404
          ],
          [
            113.5580267,
            -8.4354435
          ],
          [
            113.5579859,
            -8.4354811
          ],
          [
            113.5579007,
            -8.4355596
          ],
          [
            113.5577486,
            -8.4357186
          ],
          [
            113.557779,
            -8.4357959
          ],
          [
            113.5576704,
            -8.4359248
          ]
        ]
      },
      "id": "way/285653594"
    },
    {
      "type": "Feature",
      "properties": {
        "@id": "way/285653597",
        "natural": "coastline"
      },
      "geometry": {
        "type": "LineString",
        "coordinates": [
          [
            113.5507116,
            -8.4384161
          ],
          [
            113.5509506,
            -8.4383732
          ],
          [
            113.5510765,
            -8.4382786
          ],
          [
            113.5512112,
            -8.43824
          ],
          [
            113.5513242,
            -8.4383689
          ],
          [
            113.5514849,
            -8.4383302
          ],
          [
            113.5515066,
            -8.4382271
          ],
          [
            113.5515892,
            -8.4380595
          ],
          [
            113.5515283,
            -8.4379349
          ],
          [
            113.5514545,
            -8.4379263
          ],
          [
            113.5513676,
            -8.4378446
          ],
          [
            113.5513937,
            -8.43772
          ],
          [
            113.5513502,
            -8.4376383
          ],
          [
            113.5514936,
            -8.4376126
          ],
          [
            113.5516413,
            -8.4375739
          ],
          [
            113.551776,
            -8.4375008
          ],
          [
            113.5517412,
            -8.4373848
          ],
          [
            113.551663,
            -8.437402
          ],
          [
            113.551663,
            -8.4373289
          ],
          [
            113.5517629,
            -8.4373118
          ],
          [
            113.5516934,
            -8.4372387
          ],
          [
            113.5517195,
            -8.4371442
          ],
          [
            113.5515631,
            -8.4371399
          ],
          [
            113.5514371,
            -8.4371614
          ],
          [
            113.5514241,
            -8.4370625
          ],
          [
            113.551511,
            -8.4370324
          ],
          [
            113.5516239,
            -8.4370883
          ],
          [
            113.5517803,
            -8.4371098
          ],
          [
            113.5518585,
            -8.4370539
          ],
          [
            113.552054,
            -8.4370281
          ],
          [
            113.5521148,
            -8.4369508
          ],
          [
            113.5520583,
            -8.4367961
          ],
          [
            113.5520192,
            -8.436693
          ],
          [
            113.5518455,
            -8.4367015
          ],
          [
            113.5518237,
            -8.436607
          ],
          [
            113.5517629,
            -8.4365554
          ],
          [
            113.5516978,
            -8.436723
          ],
          [
            113.5515978,
            -8.436766
          ],
          [
            113.5515023,
            -8.4368648
          ],
          [
            113.5514154,
            -8.4368219
          ],
          [
            113.5514024,
            -8.4369551
          ],
          [
            113.551259,
            -8.4368777
          ],
          [
            113.5511678,
            -8.4369078
          ],
          [
            113.5511417,
            -8.4369895
          ],
          [
            113.5512069,
            -8.4371098
          ],
          [
            113.5513415,
            -8.437084
          ],
          [
            113.551385,
            -8.4372301
          ],
          [
            113.551272,
            -8.4373504
          ],
          [
            113.5511938,
            -8.4374321
          ],
          [
            113.5511808,
            -8.4375696
          ],
          [
            113.5510809,
            -8.437634
          ],
          [
            113.550981,
            -8.4376426
          ],
          [
            113.5509071,
            -8.4376856
          ],
          [
            113.5509071,
            -8.4377673
          ],
          [
            113.5508115,
            -8.4378833
          ],
          [
            113.5505465,
            -8.4379177
          ],
          [
            113.5506508,
            -8.437995
          ],
          [
            113.550603,
            -8.438081
          ],
          [
            113.5506074,
            -8.4381884
          ],
          [
            113.550464,
            -8.4381024
          ],
          [
            113.5504379,
            -8.4382228
          ],
          [
            113.5505552,
            -8.4382657
          ],
          [
            113.5506204,
            -8.4383431
          ],
          [
            113.5507116,
            -8.4384161
          ]
        ]
      },
      "id": "way/285653597"
    },
    {
      "type": "Feature",
      "properties": {
        "@id": "way/363299279",
        "natural": "coastline"
      },
      "geometry": {
        "type": "LineString",
        "coordinates": [
          [
            113.5561763,
            -8.4360726
          ],
          [
            113.5560577,
            -8.4360992
          ],
          [
            113.5560274,
            -8.4361541
          ],
          [
            113.5560224,
            -8.4362239
          ],
          [
            113.5560829,
            -8.4363337
          ],
          [
            113.5561687,
            -8.4363437
          ],
          [
            113.5562645,
            -8.4363337
          ],
          [
            113.5563503,
            -8.4362738
          ],
          [
            113.5563503,
            -8.436164
          ],
          [
            113.5562746,
            -8.4360942
          ],
          [
            113.5561867,
            -8.4360747
          ],
          [
            113.5561763,
            -8.4360726
          ]
        ]
      },
      "id": "way/363299279"
    },
    {
      "type": "Feature",
      "properties": {
        "@id": "way/363299280",
        "natural": "coastline"
      },
      "geometry": {
        "type": "LineString",
        "coordinates": [
          [
            113.5546543,
            -8.4364564
          ],
          [
            113.5546543,
            -8.4365962
          ],
          [
            113.5545735,
            -8.4367808
          ],
          [
            113.5546744,
            -8.4368607
          ],
          [
            113.5548308,
            -8.4369056
          ],
          [
            113.5549519,
            -8.4368756
          ],
          [
            113.5550982,
            -8.4369156
          ],
          [
            113.5552143,
            -8.4368806
          ],
          [
            113.5551386,
            -8.4368058
          ],
          [
            113.5548308,
            -8.4366062
          ],
          [
            113.5548661,
            -8.4364814
          ],
          [
            113.5549166,
            -8.4364165
          ],
          [
            113.5548813,
            -8.4363417
          ],
          [
            113.5548667,
            -8.4363464
          ],
          [
            113.5548508,
            -8.4363517
          ],
          [
            113.5547703,
            -8.4364065
          ],
          [
            113.5547098,
            -8.4364315
          ],
          [
            113.5546543,
            -8.4364564
          ]
        ]
      },
      "id": "way/363299280"
    },
    {
      "type": "Feature",
      "properties": {
        "@id": "way/363299281",
        "natural": "coastline"
      },
      "geometry": {
        "type": "LineString",
        "coordinates": [
          [
            113.5475964,
            -8.4336271
          ],
          [
            113.5475106,
            -8.433697
          ],
          [
            113.547556,
            -8.4337669
          ],
          [
            113.5476468,
            -8.4337868
          ],
          [
            113.5476771,
            -8.4338617
          ],
          [
            113.5476468,
            -8.4339615
          ],
          [
            113.5477124,
            -8.4340463
          ],
          [
            113.5477881,
            -8.4340264
          ],
          [
            113.547889,
            -8.4339715
          ],
          [
            113.5478739,
            -8.4338866
          ],
          [
            113.5479596,
            -8.4338317
          ],
          [
            113.5479293,
            -8.4337269
          ],
          [
            113.5478587,
            -8.4336271
          ],
          [
            113.5477931,
            -8.4335473
          ],
          [
            113.5477074,
            -8.4335373
          ],
          [
            113.5476821,
            -8.4336121
          ],
          [
            113.5475964,
            -8.4336271
          ]
        ]
      },
      "id": "way/363299281"
    },
    {
      "type": "Feature",
      "properties": {
        "@id": "way/363299282",
        "natural": "coastline"
      },
      "geometry": {
        "type": "LineString",
        "coordinates": [
          [
            113.5477112,
            -8.4331739
          ],
          [
            113.5476149,
            -8.4332127
          ],
          [
            113.5475578,
            -8.4333468
          ],
          [
            113.5475864,
            -8.4334139
          ],
          [
            113.5482142,
            -8.4335586
          ],
          [
            113.548571,
            -8.4336856
          ],
          [
            113.5489206,
            -8.433795
          ],
          [
            113.5490847,
            -8.4338268
          ],
          [
            113.5491168,
            -8.4337703
          ],
          [
            113.5490847,
            -8.4336891
          ],
          [
            113.5487779,
            -8.4335515
          ],
          [
            113.5484854,
            -8.4334386
          ],
          [
            113.548439,
            -8.4334245
          ],
          [
            113.5484247,
            -8.4333751
          ],
          [
            113.5482606,
            -8.433308
          ],
          [
            113.5481358,
            -8.4332798
          ],
          [
            113.5480787,
            -8.4332939
          ],
          [
            113.5478504,
            -8.4331951
          ],
          [
            113.5477112,
            -8.4331739
          ]
        ]
      },
      "id": "way/363299282"
    },
    {
      "type": "Feature",
      "properties": {
        "@id": "way/540627589",
        "natural": "coastline",
        "source": "Bing"
      },
      "geometry": {
        "type": "LineString",
        "coordinates": [
          [
            113.5710226,
            -8.4258026
          ],
          [
            113.5736239,
            -8.4268876
          ],
          [
            113.5751957,
            -8.4276829
          ],
          [
            113.5770055,
            -8.4285441
          ],
          [
            113.5779959,
            -8.4291959
          ],
          [
            113.5794067,
            -8.4302944
          ],
          [
            113.5807666,
            -8.4315414
          ],
          [
            113.5813487,
            -8.4322737
          ],
          [
            113.5815793,
            -8.432677
          ],
          [
            113.5818261,
            -8.433526
          ],
          [
            113.5818851,
            -8.4339717
          ],
          [
            113.5818475,
            -8.4343485
          ],
          [
            113.5816813,
            -8.4346483
          ],
          [
            113.5816263,
            -8.4346656
          ],
          [
            113.5815056,
            -8.4346576
          ],
          [
            113.5809839,
            -8.4344599
          ],
          [
            113.5807157,
            -8.4345024
          ],
          [
            113.5804474,
            -8.4346616
          ],
          [
            113.5802329,
            -8.4349826
          ],
          [
            113.5801041,
            -8.4352745
          ],
          [
            113.579994,
            -8.4354748
          ],
          [
            113.5799365,
            -8.4356791
          ],
          [
            113.579915,
            -8.4358184
          ],
          [
            113.5799365,
            -8.4358741
          ],
          [
            113.5799834,
            -8.4358834
          ],
          [
            113.5800813,
            -8.435829
          ],
          [
            113.5804152,
            -8.4356379
          ],
          [
            113.5806325,
            -8.4355769
          ],
          [
            113.5807371,
            -8.4355743
          ],
          [
            113.5808927,
            -8.4356167
          ],
          [
            113.5809436,
            -8.4357096
          ],
          [
            113.581008,
            -8.4359378
          ],
          [
            113.5810509,
            -8.4361182
          ],
          [
            113.5810536,
            -8.4363066
          ],
          [
            113.5810027,
            -8.4364293
          ],
          [
            113.580941,
            -8.4365361
          ],
          [
            113.5808095,
            -8.436674
          ],
          [
            113.5806647,
            -8.4368956
          ],
          [
            113.5805279,
            -8.4369805
          ],
          [
            113.5802785,
            -8.4370786
          ],
          [
            113.5799244,
            -8.4371927
          ],
          [
            113.5797474,
            -8.4373493
          ],
          [
            113.5796133,
            -8.4376278
          ],
          [
            113.5795803,
            -8.4379351
          ],
          [
            113.579665,
            -8.4382173
          ],
          [
            113.5798466,
            -8.4383124
          ],
          [
            113.5801175,
            -8.438315
          ],
          [
            113.5803777,
            -8.4382858
          ],
          [
            113.5806001,
            -8.4382183
          ],
          [
            113.5806137,
            -8.4382142
          ],
          [
            113.580772,
            -8.4381452
          ],
          [
            113.581008,
            -8.4381028
          ],
          [
            113.5812675,
            -8.4381293
          ],
          [
            113.581464,
            -8.4380815
          ],
          [
            113.5820179,
            -8.4386161
          ],
          [
            113.5825503,
            -8.439103
          ],
          [
            113.5832895,
            -8.4400418
          ],
          [
            113.5835443,
            -8.440508
          ],
          [
            113.5835961,
            -8.4409683
          ],
          [
            113.5835454,
            -8.4410929
          ],
          [
            113.5834059,
            -8.4412865
          ],
          [
            113.5831739,
            -8.441467
          ],
          [
            113.5830277,
            -8.4413317
          ],
          [
            113.5828909,
            -8.441386
          ],
          [
            113.5828319,
            -8.4414962
          ],
          [
            113.5826576,
            -8.4417296
          ],
          [
            113.5823349,
            -8.4422269
          ],
          [
            113.5821936,
            -8.4424433
          ],
          [
            113.5821882,
            -8.4427219
          ],
          [
            113.5823143,
            -8.4430535
          ],
          [
            113.5827702,
            -8.4440485
          ],
          [
            113.5829741,
            -8.4441864
          ],
          [
            113.5833067,
            -8.4441864
          ],
          [
            113.5841779,
            -8.4439805
          ],
          [
            113.5847336,
            -8.4438654
          ],
          [
            113.5856402,
            -8.4434489
          ],
          [
            113.5861686,
            -8.443218
          ],
          [
            113.5866996,
            -8.4429792
          ],
          [
            113.5870564,
            -8.4428227
          ],
          [
            113.5872066,
            -8.4426847
          ],
          [
            113.5872415,
            -8.4424672
          ],
          [
            113.5870885,
            -8.4423186
          ],
          [
            113.5868499,
            -8.4420905
          ],
          [
            113.5869276,
            -8.4419498
          ],
          [
            113.5869384,
            -8.4418198
          ],
          [
            113.5867909,
            -8.4417562
          ],
          [
            113.5866434,
            -8.4414298
          ],
          [
            113.5865196,
            -8.4412813
          ],
          [
            113.5864663,
            -8.4412175
          ],
          [
            113.5863097,
            -8.4411299
          ],
          [
            113.5862571,
            -8.4409708
          ],
          [
            113.5864047,
            -8.4405941
          ],
          [
            113.586697,
            -8.4405012
          ],
          [
            113.5872173,
            -8.4403341
          ],
          [
            113.5877055,
            -8.4401802
          ],
          [
            113.5881212,
            -8.4401457
          ],
          [
            113.5888307,
            -8.4404547
          ],
          [
            113.5890627,
            -8.4407214
          ],
          [
            113.5891324,
            -8.4408302
          ],
          [
            113.5891566,
            -8.4409602
          ],
          [
            113.5891378,
            -8.4411061
          ],
          [
            113.5888535,
            -8.4414749
          ],
          [
            113.5887837,
            -8.4416023
          ],
          [
            113.5887864,
            -8.4416739
          ],
          [
            113.5888427,
            -8.4416951
          ],
          [
            113.5890198,
            -8.4416394
          ],
          [
            113.5891968,
            -8.4415015
          ],
          [
            113.5894112,
            -8.4411697
          ],
          [
            113.5895806,
            -8.4405712
          ],
          [
            113.5901412,
            -8.4390949
          ],
          [
            113.5909298,
            -8.4377896
          ],
          [
            113.5916406,
            -8.4372239
          ],
          [
            113.5929307,
            -8.436343
          ],
          [
            113.5939725,
            -8.4358511
          ],
          [
            113.5961681,
            -8.4354197
          ],
          [
            113.6000091,
            -8.4356214
          ],
          [
            113.6034106,
            -8.4368005
          ],
          [
            113.6059931,
            -8.4382262
          ],
          [
            113.6065668,
            -8.438445
          ],
          [
            113.6075144,
            -8.4387171
          ],
          [
            113.6097417,
            -8.4390461
          ],
          [
            113.6111158,
            -8.4394638
          ],
          [
            113.6123764,
            -8.4399202
          ],
          [
            113.6129612,
            -8.4401643
          ],
          [
            113.6157292,
            -8.4415492
          ],
          [
            113.6173278,
            -8.4422974
          ],
          [
            113.6223677,
            -8.4450567
          ],
          [
            113.623222,
            -8.4455647
          ],
          [
            113.6244947,
            -8.4465875
          ],
          [
            113.6251116,
            -8.447081
          ],
          [
            113.6256856,
            -8.4476992
          ],
          [
            113.6265546,
            -8.4488771
          ],
          [
            113.6268979,
            -8.4494184
          ],
          [
            113.6270589,
            -8.449758
          ],
          [
            113.6274861,
            -8.4509485
          ],
          [
            113.6274541,
            -8.4511037
          ]
        ]
      },
      "id": "way/540627589"
    },
    {
      "type": "Feature",
      "properties": {
        "@id": "way/1263064270",
        "natural": "coastline"
      },
      "geometry": {
        "type": "LineString",
        "coordinates": [
          [
            113.545737,
            -8.4299813
          ],
          [
            113.5456136,
            -8.4299508
          ],
          [
            113.5455586,
            -8.4299481
          ],
          [
            113.5455318,
            -8.4299588
          ],
          [
            113.5455117,
            -8.42998
          ],
          [
            113.545509,
            -8.4300078
          ],
          [
            113.5455747,
            -8.4301034
          ],
          [
            113.545631,
            -8.4301126
          ],
          [
            113.54569,
            -8.4300914
          ],
          [
            113.5457477,
            -8.4300954
          ],
          [
            113.5457973,
            -8.4301272
          ],
          [
            113.5458738,
            -8.4302161
          ],
          [
            113.5459274,
            -8.4302533
          ],
          [
            113.5461111,
            -8.4303196
          ],
          [
            113.5461675,
            -8.430313
          ],
          [
            113.5461876,
            -8.4302917
          ],
          [
            113.5462037,
            -8.4302387
          ],
          [
            113.5461956,
            -8.4302135
          ],
          [
            113.5461715,
            -8.4301975
          ],
          [
            113.5460857,
            -8.4301644
          ],
          [
            113.5459985,
            -8.4301591
          ],
          [
            113.545973,
            -8.4301471
          ],
          [
            113.545851,
            -8.4300702
          ],
          [
            113.5457893,
            -8.4299972
          ],
          [
            113.545737,
            -8.4299813
          ]
        ]
      },
      "id": "way/1263064270"
    },
    {
      "type": "Feature",
      "properties": {
        "@id": "way/1263064271",
        "natural": "coastline"
      },
      "geometry": {
        "type": "LineString",
        "coordinates": [
          [
            113.5888401,
            -8.4420586
          ],
          [
            113.5887918,
            -8.4421223
          ],
          [
            113.588824,
            -8.4422284
          ],
          [
            113.5888776,
            -8.4422364
          ],
          [
            113.5890171,
            -8.4421382
          ],
          [
            113.5891673,
            -8.4422231
          ],
          [
            113.5891968,
            -8.4422735
          ],
          [
            113.5891592,
            -8.4423743
          ],
          [
            113.5891968,
            -8.4424168
          ],
          [
            113.5893685,
            -8.4424062
          ],
          [
            113.589398,
            -8.4425123
          ],
          [
            113.5893926,
            -8.442568
          ],
          [
            113.589296,
            -8.4426954
          ],
          [
            113.5891458,
            -8.4427856
          ],
          [
            113.5890305,
            -8.4428068
          ],
          [
            113.5889876,
            -8.4428466
          ],
          [
            113.588993,
            -8.4429023
          ],
          [
            113.5891914,
            -8.443027
          ],
          [
            113.5893229,
            -8.4431597
          ],
          [
            113.5894355,
            -8.4431729
          ],
          [
            113.5895213,
            -8.4430986
          ],
          [
            113.589626,
            -8.4429023
          ],
          [
            113.5896367,
            -8.4426927
          ],
          [
            113.5897064,
            -8.4425999
          ],
          [
            113.5897413,
            -8.4424433
          ],
          [
            113.5898808,
            -8.4423531
          ],
          [
            113.5898969,
            -8.4423001
          ],
          [
            113.5898593,
            -8.4422603
          ],
          [
            113.5894677,
            -8.4421674
          ],
          [
            113.5894194,
            -8.4421356
          ],
          [
            113.5894006,
            -8.4420321
          ],
          [
            113.5892987,
            -8.4420029
          ],
          [
            113.5889527,
            -8.4420082
          ],
          [
            113.5888401,
            -8.4420586
          ]
        ]
      },
      "id": "way/1263064271"
    },
    {
      "type": "Feature",
      "properties": {
        "@id": "way/1263064272",
        "natural": "coastline"
      },
      "geometry": {
        "type": "LineString",
        "coordinates": [
          [
            113.5921955,
            -8.4422019
          ],
          [
            113.5921499,
            -8.4422337
          ],
          [
            113.5921982,
            -8.4423398
          ],
          [
            113.5922223,
            -8.4424513
          ],
          [
            113.592394,
            -8.4425017
          ],
          [
            113.5924503,
            -8.4425043
          ],
          [
            113.5924986,
            -8.4424752
          ],
          [
            113.5925361,
            -8.442316
          ],
          [
            113.5926273,
            -8.4422576
          ],
          [
            113.5926113,
            -8.4422045
          ],
          [
            113.5925576,
            -8.4421966
          ],
          [
            113.5921955,
            -8.4422019
          ]
        ]
      },
      "id": "way/1263064272"
    },
    {
      "type": "Feature",
      "properties": {
        "@id": "way/1263064273",
        "natural": "coastline"
      },
      "geometry": {
        "type": "LineString",
        "coordinates": [
          [
            113.5918441,
            -8.4425707
          ],
          [
            113.591871,
            -8.4425282
          ],
          [
            113.591828,
            -8.442499
          ],
          [
            113.5916108,
            -8.4424566
          ],
          [
            113.5915142,
            -8.4424035
          ],
          [
            113.5913452,
            -8.4424194
          ],
          [
            113.5912085,
            -8.442507
          ],
          [
            113.5911548,
            -8.442515
          ],
          [
            113.5909751,
            -8.4425123
          ],
          [
            113.5907578,
            -8.4424592
          ],
          [
            113.5906345,
            -8.4424619
          ],
          [
            113.5905781,
            -8.4424778
          ],
          [
            113.5904896,
            -8.4425468
          ],
          [
            113.5902643,
            -8.4425388
          ],
          [
            113.5901785,
            -8.4426848
          ],
          [
            113.5900712,
            -8.442698
          ],
          [
            113.5900551,
            -8.4427511
          ],
          [
            113.5901007,
            -8.4428519
          ],
          [
            113.5901973,
            -8.4429182
          ],
          [
            113.5904172,
            -8.4430005
          ],
          [
            113.5906801,
            -8.4431331
          ],
          [
            113.5907364,
            -8.4431331
          ],
          [
            113.5909671,
            -8.4430748
          ],
          [
            113.591077,
            -8.443027
          ],
          [
            113.5913131,
            -8.4430111
          ],
          [
            113.5913935,
            -8.4428678
          ],
          [
            113.5913774,
            -8.4427617
          ],
          [
            113.591541,
            -8.4427192
          ],
          [
            113.5915679,
            -8.4426715
          ],
          [
            113.5917395,
            -8.4426423
          ],
          [
            113.5918441,
            -8.4425707
          ]
        ]
      },
      "id": "way/1263064273"
    },
    {
      "type": "Feature",
      "properties": {
        "@id": "way/1263064274",
        "natural": "coastline"
      },
      "geometry": {
        "type": "LineString",
        "coordinates": [
          [
            113.5899666,
            -8.4428758
          ],
          [
            113.5899049,
            -8.4428572
          ],
          [
            113.5898164,
            -8.4429129
          ],
          [
            113.5897922,
            -8.4429633
          ],
          [
            113.5897842,
            -8.4431252
          ],
          [
            113.5897359,
            -8.4432233
          ],
          [
            113.5897842,
            -8.4434489
          ],
          [
            113.5898647,
            -8.4436107
          ],
          [
            113.58998,
            -8.4436107
          ],
          [
            113.590031,
            -8.4435842
          ],
          [
            113.5902241,
            -8.4433746
          ],
          [
            113.5903957,
            -8.4433189
          ],
          [
            113.5904172,
            -8.4432684
          ],
          [
            113.5903957,
            -8.4432207
          ],
          [
            113.5902429,
            -8.4431358
          ],
          [
            113.5901624,
            -8.4429952
          ],
          [
            113.5899666,
            -8.4428758
          ]
        ]
      },
      "id": "way/1263064274"
    },
    {
      "type": "Feature",
      "properties": {
        "@id": "way/1263064275",
        "natural": "coastline"
      },
      "geometry": {
        "type": "LineString",
        "coordinates": [
          [
            113.5907069,
            -8.4413104
          ],
          [
            113.5905594,
            -8.4413104
          ],
          [
            113.5904521,
            -8.4412865
          ],
          [
            113.5902911,
            -8.4413131
          ],
          [
            113.5901356,
            -8.4414617
          ],
          [
            113.5898405,
            -8.4416288
          ],
          [
            113.589803,
            -8.4416686
          ],
          [
            113.589744,
            -8.4417721
          ],
          [
            113.5897735,
            -8.4418835
          ],
          [
            113.5898057,
            -8.4419313
          ],
          [
            113.5899183,
            -8.4419711
          ],
          [
            113.5902697,
            -8.441926
          ],
          [
            113.590385,
            -8.4418888
          ],
          [
            113.5907578,
            -8.4414617
          ],
          [
            113.5907659,
            -8.4414059
          ],
          [
            113.5907069,
            -8.4413104
          ]
        ]
      },
      "id": "way/1263064275"
    },
    {
      "type": "Feature",
      "properties": {
        "@id": "way/1263064276",
        "natural": "coastline"
      },
      "geometry": {
        "type": "LineString",
        "coordinates": [
          [
            113.5828292,
            -8.4442965
          ],
          [
            113.5826468,
            -8.444278
          ],
          [
            113.5825905,
            -8.4442846
          ],
          [
            113.5825624,
            -8.4442965
          ],
          [
            113.5825315,
            -8.444343
          ],
          [
            113.5825342,
            -8.4443695
          ],
          [
            113.5825489,
            -8.4443934
          ],
          [
            113.5825744,
            -8.4444093
          ],
          [
            113.5827233,
            -8.4444133
          ],
          [
            113.5828695,
            -8.4444385
          ],
          [
            113.5829285,
            -8.4444372
          ],
          [
            113.5829553,
            -8.4444319
          ],
          [
            113.5830036,
            -8.4444027
          ],
          [
            113.5830988,
            -8.4443881
          ],
          [
            113.5831283,
            -8.4443735
          ],
          [
            113.583131,
            -8.4443469
          ],
          [
            113.5831149,
            -8.4443244
          ],
          [
            113.5830653,
            -8.4443018
          ],
          [
            113.5828292,
            -8.4442965
          ]
        ]
      },
      "id": "way/1263064276"
    },
    {
      "type": "Feature",
      "properties": {
        "@id": "way/1263064277",
        "natural": "coastline"
      },
      "geometry": {
        "type": "LineString",
        "coordinates": [
          [
            113.583359,
            -8.4445168
          ],
          [
            113.5833402,
            -8.4444889
          ],
          [
            113.5832866,
            -8.4444809
          ],
          [
            113.5830317,
            -8.4445061
          ],
          [
            113.5826951,
            -8.4445075
          ],
          [
            113.5826093,
            -8.4445698
          ],
          [
            113.5826066,
            -8.4446255
          ],
          [
            113.5826401,
            -8.4446693
          ],
          [
            113.5826267,
            -8.4446919
          ],
          [
            113.5825221,
            -8.4446998
          ],
          [
            113.5825154,
            -8.4447263
          ],
          [
            113.5825731,
            -8.4448258
          ],
          [
            113.5826522,
            -8.4448524
          ],
          [
            113.5827434,
            -8.4448457
          ],
          [
            113.5829312,
            -8.4448683
          ],
          [
            113.5829794,
            -8.4448351
          ],
          [
            113.5829781,
            -8.4447807
          ],
          [
            113.5830358,
            -8.4447741
          ],
          [
            113.5831109,
            -8.4447343
          ],
          [
            113.5831672,
            -8.4447516
          ],
          [
            113.583253,
            -8.4447489
          ],
          [
            113.5832638,
            -8.4447237
          ],
          [
            113.5832289,
            -8.4446494
          ],
          [
            113.5832396,
            -8.4446242
          ],
          [
            113.5833429,
            -8.4445884
          ],
          [
            113.5833751,
            -8.4445406
          ],
          [
            113.583359,
            -8.4445168
          ]
        ]
      },
      "id": "way/1263064277"
    },
    {
      "type": "Feature",
      "properties": {
        "@id": "way/1263064278",
        "natural": "coastline"
      },
      "geometry": {
        "type": "LineString",
        "coordinates": [
          [
            113.5800518,
            -8.4443722
          ],
          [
            113.5800451,
            -8.4443443
          ],
          [
            113.579978,
            -8.4443271
          ],
          [
            113.5798386,
            -8.444331
          ],
          [
            113.5797836,
            -8.4443416
          ],
          [
            113.5796857,
            -8.4444027
          ],
          [
            113.5795811,
            -8.4444438
          ],
          [
            113.5795636,
            -8.444469
          ],
          [
            113.5795583,
            -8.4445221
          ],
          [
            113.579569,
            -8.4445473
          ],
          [
            113.5795918,
            -8.4445645
          ],
          [
            113.5797045,
            -8.4445977
          ],
          [
            113.5798225,
            -8.444607
          ],
          [
            113.5799418,
            -8.4445831
          ],
          [
            113.5799687,
            -8.4445711
          ],
          [
            113.5799874,
            -8.4445499
          ],
          [
            113.5800156,
            -8.4444743
          ],
          [
            113.5800357,
            -8.4444531
          ],
          [
            113.5800531,
            -8.4443987
          ],
          [
            113.5800518,
            -8.4443722
          ]
        ]
      },
      "id": "way/1263064278"
    },
    {
      "type": "Feature",
      "properties": {
        "@id": "way/1263064279",
        "natural": "coastline"
      },
      "geometry": {
        "type": "LineString",
        "coordinates": [
          [
            113.6043566,
            -8.4431199
          ],
          [
            113.6043043,
            -8.443088
          ],
          [
            113.604193,
            -8.4430642
          ],
          [
            113.6040938,
            -8.4431093
          ],
          [
            113.6039811,
            -8.4431331
          ],
          [
            113.6038765,
            -8.4431862
          ],
          [
            113.6038256,
            -8.443218
          ],
          [
            113.603788,
            -8.4432578
          ],
          [
            113.6037371,
            -8.4433613
          ],
          [
            113.6037424,
            -8.4434197
          ],
          [
            113.6037692,
            -8.4434701
          ],
          [
            113.6038095,
            -8.4435152
          ],
          [
            113.6038631,
            -8.4435391
          ],
          [
            113.6039758,
            -8.4435311
          ],
          [
            113.6040884,
            -8.4435656
          ],
          [
            113.6042601,
            -8.4435683
          ],
          [
            113.6044881,
            -8.4435391
          ],
          [
            113.6045498,
            -8.4435178
          ],
          [
            113.604598,
            -8.443478
          ],
          [
            113.6047617,
            -8.4434276
          ],
          [
            113.6047965,
            -8.4433852
          ],
          [
            113.6047992,
            -8.4433268
          ],
          [
            113.6047858,
            -8.4432738
          ],
          [
            113.6047187,
            -8.4431862
          ],
          [
            113.6046651,
            -8.4431623
          ],
          [
            113.604531,
            -8.4431305
          ],
          [
            113.6043566,
            -8.4431199
          ]
        ]
      },
      "id": "way/1263064279"
    },
    {
      "type": "Feature",
      "properties": {
        "@id": "way/1263064280",
        "natural": "coastline"
      },
      "geometry": {
        "type": "LineString",
        "coordinates": [
          [
            113.6052257,
            -8.4427458
          ],
          [
            113.6052069,
            -8.4426927
          ],
          [
            113.605105,
            -8.4426741
          ],
          [
            113.6049467,
            -8.4427272
          ],
          [
            113.6048046,
            -8.4428095
          ],
          [
            113.6047751,
            -8.4428572
          ],
          [
            113.6047751,
            -8.442966
          ],
          [
            113.6048904,
            -8.4429872
          ],
          [
            113.6049977,
            -8.4429554
          ],
          [
            113.6050808,
            -8.4428811
          ],
          [
            113.6051854,
            -8.4428493
          ],
          [
            113.6052257,
            -8.4427458
          ]
        ]
      },
      "id": "way/1263064280"
    },
    {
      "type": "Feature",
      "properties": {
        "@id": "way/1263064281",
        "natural": "coastline"
      },
      "geometry": {
        "type": "LineString",
        "coordinates": [
          [
            113.508933,
            -8.4210624
          ],
          [
            113.5088083,
            -8.4210345
          ],
          [
            113.5087547,
            -8.4210451
          ],
          [
            113.5087413,
            -8.4210717
          ],
          [
            113.5087493,
            -8.421126
          ],
          [
            113.5088083,
            -8.4212614
          ],
          [
            113.508811,
            -8.4214139
          ],
          [
            113.5088807,
            -8.421475
          ],
          [
            113.5090175,
            -8.4215426
          ],
          [
            113.5090765,
            -8.4215532
          ],
          [
            113.509102,
            -8.4215413
          ],
          [
            113.5091194,
            -8.4213688
          ],
          [
            113.5091422,
            -8.4213184
          ],
          [
            113.5091396,
            -8.42126
          ],
          [
            113.5091288,
            -8.4212362
          ],
          [
            113.5090283,
            -8.4211804
          ],
          [
            113.5089907,
            -8.4211008
          ],
          [
            113.508933,
            -8.4210624
          ]
        ]
      },
      "id": "way/1263064281"
    },
    {
      "type": "Feature",
      "properties": {
        "@id": "way/1263064282",
        "natural": "coastline"
      },
      "geometry": {
        "type": "LineString",
        "coordinates": [
          [
            113.546602,
            -8.4328813
          ],
          [
            113.5465832,
            -8.432864
          ],
          [
            113.5464853,
            -8.4328733
          ],
          [
            113.5464625,
            -8.4328892
          ],
          [
            113.5464571,
            -8.4329423
          ],
          [
            113.5465148,
            -8.43301
          ],
          [
            113.5465993,
            -8.4330365
          ],
          [
            113.5467173,
            -8.4330511
          ],
          [
            113.5468273,
            -8.4330431
          ],
          [
            113.5468796,
            -8.4330192
          ],
          [
            113.5468823,
            -8.4329914
          ],
          [
            113.5468648,
            -8.4329675
          ],
          [
            113.5467254,
            -8.4329237
          ],
          [
            113.5466449,
            -8.4329131
          ],
          [
            113.546602,
            -8.4328813
          ]
        ]
      },
      "id": "way/1263064282"
    },
    {
      "type": "Feature",
      "properties": {
        "@id": "way/1263064283",
        "natural": "coastline"
      },
      "geometry": {
        "type": "LineString",
        "coordinates": [
          [
            113.5474616,
            -8.4324647
          ],
          [
            113.5474294,
            -8.4324528
          ],
          [
            113.5473905,
            -8.4324554
          ],
          [
            113.5473168,
            -8.4324939
          ],
          [
            113.5473047,
            -8.4325178
          ],
          [
            113.5473047,
            -8.4326067
          ],
          [
            113.5473812,
            -8.4326558
          ],
          [
            113.547408,
            -8.4326611
          ],
          [
            113.5475944,
            -8.4326637
          ],
          [
            113.54775,
            -8.4326359
          ],
          [
            113.5479471,
            -8.4326491
          ],
          [
            113.5479766,
            -8.4326465
          ],
          [
            113.5479927,
            -8.4326226
          ],
          [
            113.5479511,
            -8.4325841
          ],
          [
            113.5478398,
            -8.4325616
          ],
          [
            113.5477352,
            -8.4325231
          ],
          [
            113.5476521,
            -8.4325125
          ],
          [
            113.5475233,
            -8.4324634
          ],
          [
            113.5474616,
            -8.4324647
          ]
        ]
      },
      "id": "way/1263064283"
    },
    {
      "type": "Feature",
      "properties": {
        "@id": "way/1263064284",
        "natural": "coastline"
      },
      "geometry": {
        "type": "LineString",
        "coordinates": [
          [
            113.5298234,
            -8.4285751
          ],
          [
            113.5297698,
            -8.4285671
          ],
          [
            113.5297188,
            -8.4285857
          ],
          [
            113.5296437,
            -8.4286653
          ],
          [
            113.5295847,
            -8.4287582
          ],
          [
            113.5296196,
            -8.4289784
          ],
          [
            113.5296518,
            -8.4290261
          ],
          [
            113.529641,
            -8.429249
          ],
          [
            113.5297644,
            -8.4294454
          ],
          [
            113.52981,
            -8.4294798
          ],
          [
            113.52992,
            -8.4294427
          ],
          [
            113.5299709,
            -8.4294719
          ],
          [
            113.5299736,
            -8.4295276
          ],
          [
            113.529869,
            -8.4295223
          ],
          [
            113.5298341,
            -8.4295647
          ],
          [
            113.5298502,
            -8.4296205
          ],
          [
            113.5299012,
            -8.4296496
          ],
          [
            113.5300165,
            -8.4296443
          ],
          [
            113.5300487,
            -8.4296894
          ],
          [
            113.5301024,
            -8.429716
          ],
          [
            113.5302097,
            -8.4297399
          ],
          [
            113.5302821,
            -8.4296576
          ],
          [
            113.5302392,
            -8.4295621
          ],
          [
            113.5302472,
            -8.429509
          ],
          [
            113.5304135,
            -8.4296072
          ],
          [
            113.5304564,
            -8.4293949
          ],
          [
            113.5304135,
            -8.4293578
          ],
          [
            113.5303465,
            -8.4293445
          ],
          [
            113.5302928,
            -8.4293631
          ],
          [
            113.5302579,
            -8.4293206
          ],
          [
            113.5301587,
            -8.4290633
          ],
          [
            113.5301319,
            -8.4288351
          ],
          [
            113.5300139,
            -8.4288351
          ],
          [
            113.5299629,
            -8.4288139
          ],
          [
            113.5299093,
            -8.4286467
          ],
          [
            113.5298234,
            -8.4285751
          ]
        ]
      },
      "id": "way/1263064284"
    },
    {
      "type": "Feature",
      "properties": {
        "@id": "way/1263064285",
        "natural": "coastline"
      },
      "geometry": {
        "type": "LineString",
        "coordinates": [
          [
            113.5406153,
            -8.4303926
          ],
          [
            113.5405932,
            -8.4303773
          ],
          [
            113.540559,
            -8.4303979
          ],
          [
            113.540567,
            -8.430508
          ],
          [
            113.5405321,
            -8.4305836
          ],
          [
            113.5405362,
            -8.4306114
          ],
          [
            113.5405831,
            -8.4306433
          ],
          [
            113.5406408,
            -8.4306552
          ],
          [
            113.5407548,
            -8.4306313
          ],
          [
            113.5407789,
            -8.4306128
          ],
          [
            113.5407977,
            -8.4305624
          ],
          [
            113.5407856,
            -8.4304841
          ],
          [
            113.540681,
            -8.430443
          ],
          [
            113.5406153,
            -8.4303926
          ]
        ]
      },
      "id": "way/1263064285"
    },
    {
      "type": "Feature",
      "properties": {
        "@id": "way/1263064286",
        "natural": "coastline"
      },
      "geometry": {
        "type": "LineString",
        "coordinates": [
          [
            113.5403109,
            -8.4298088
          ],
          [
            113.5402291,
            -8.4298274
          ],
          [
            113.5401137,
            -8.4298168
          ],
          [
            113.5400869,
            -8.4298274
          ],
          [
            113.5400802,
            -8.4298539
          ],
          [
            113.5401687,
            -8.4300012
          ],
          [
            113.5403444,
            -8.4299986
          ],
          [
            113.5404302,
            -8.4300171
          ],
          [
            113.5405147,
            -8.4299986
          ],
          [
            113.5405335,
            -8.4299773
          ],
          [
            113.540508,
            -8.4299322
          ],
          [
            113.5404302,
            -8.4298964
          ],
          [
            113.5404168,
            -8.4298433
          ],
          [
            113.5403109,
            -8.4298088
          ]
        ]
      },
      "id": "way/1263064286"
    },
    {
      "type": "Feature",
      "properties": {
        "@id": "way/1263064287",
        "natural": "coastline"
      },
      "geometry": {
        "type": "LineString",
        "coordinates": [
          [
            113.5394123,
            -8.4319049
          ],
          [
            113.5392782,
            -8.4319951
          ],
          [
            113.5392514,
            -8.4320402
          ],
          [
            113.5392326,
            -8.4321623
          ],
          [
            113.5392702,
            -8.432271
          ],
          [
            113.5394043,
            -8.4324621
          ],
          [
            113.5395008,
            -8.4325231
          ],
          [
            113.539525,
            -8.4325762
          ],
          [
            113.5395303,
            -8.4326876
          ],
          [
            113.5395598,
            -8.4327353
          ],
          [
            113.5396671,
            -8.4327062
          ],
          [
            113.539702,
            -8.4326611
          ],
          [
            113.5396537,
            -8.4325045
          ],
          [
            113.5399461,
            -8.4325496
          ],
          [
            113.5400641,
            -8.432547
          ],
          [
            113.5401687,
            -8.4324992
          ],
          [
            113.5401767,
            -8.4322763
          ],
          [
            113.5400185,
            -8.4319845
          ],
          [
            113.5399863,
            -8.4318173
          ],
          [
            113.5399541,
            -8.4317696
          ],
          [
            113.5399032,
            -8.4317563
          ],
          [
            113.5397932,
            -8.4317828
          ],
          [
            113.5396376,
            -8.4318492
          ],
          [
            113.5394123,
            -8.4319049
          ]
        ]
      },
      "id": "way/1263064287"
    },
    {
      "type": "Feature",
      "properties": {
        "@id": "way/1263064288",
        "natural": "coastline"
      },
      "geometry": {
        "type": "LineString",
        "coordinates": [
          [
            113.5362956,
            -8.4305915
          ],
          [
            113.5363573,
            -8.4305411
          ],
          [
            113.5363787,
            -8.4304907
          ],
          [
            113.5363439,
            -8.4304483
          ],
          [
            113.5361347,
            -8.4304615
          ],
          [
            113.5360301,
            -8.4304536
          ],
          [
            113.5359174,
            -8.4304217
          ],
          [
            113.5358745,
            -8.4303872
          ],
          [
            113.5358208,
            -8.4303793
          ],
          [
            113.5357082,
            -8.4303899
          ],
          [
            113.5356519,
            -8.4303846
          ],
          [
            113.5354909,
            -8.4303501
          ],
          [
            113.535448,
            -8.4303236
          ],
          [
            113.5353407,
            -8.4303023
          ],
          [
            113.5352334,
            -8.4303262
          ],
          [
            113.5351905,
            -8.4303607
          ],
          [
            113.5349733,
            -8.4303846
          ],
          [
            113.5349464,
            -8.4304324
          ],
          [
            113.5349384,
            -8.4304854
          ],
          [
            113.5349491,
            -8.4305385
          ],
          [
            113.5350108,
            -8.4306287
          ],
          [
            113.5350564,
            -8.4306685
          ],
          [
            113.5352764,
            -8.4306605
          ],
          [
            113.5353193,
            -8.430626
          ],
          [
            113.5355633,
            -8.4306685
          ],
          [
            113.5357323,
            -8.4306526
          ],
          [
            113.5358423,
            -8.4306579
          ],
          [
            113.5358933,
            -8.4306764
          ],
          [
            113.5361212,
            -8.4306181
          ],
          [
            113.5362956,
            -8.4305915
          ]
        ]
      },
      "id": "way/1263064288"
    },
    {
      "type": "Feature",
      "properties": {
        "@id": "way/1263064289",
        "natural": "coastline"
      },
      "geometry": {
        "type": "LineString",
        "coordinates": [
          [
            113.5363412,
            -8.4308356
          ],
          [
            113.5362071,
            -8.4307826
          ],
          [
            113.5359979,
            -8.4308569
          ],
          [
            113.535853,
            -8.4310267
          ],
          [
            113.5358745,
            -8.4311328
          ],
          [
            113.5357994,
            -8.4312071
          ],
          [
            113.5358047,
            -8.4313185
          ],
          [
            113.5358959,
            -8.4313875
          ],
          [
            113.5359174,
            -8.4314936
          ],
          [
            113.5356975,
            -8.4315255
          ],
          [
            113.535676,
            -8.4316316
          ],
          [
            113.5357779,
            -8.4319659
          ],
          [
            113.5358959,
            -8.4321463
          ],
          [
            113.5358584,
            -8.4322472
          ],
          [
            113.5356384,
            -8.4321941
          ],
          [
            113.5354078,
            -8.4321994
          ],
          [
            113.5353166,
            -8.4322525
          ],
          [
            113.5352951,
            -8.4323639
          ],
          [
            113.5352468,
            -8.43247
          ],
          [
            113.5354346,
            -8.4326027
          ],
          [
            113.5355419,
            -8.4326398
          ],
          [
            113.5357779,
            -8.4326345
          ],
          [
            113.5358584,
            -8.4327141
          ],
          [
            113.535853,
            -8.4330484
          ],
          [
            113.5360569,
            -8.4331705
          ],
          [
            113.5361695,
            -8.4331811
          ],
          [
            113.5363144,
            -8.4333615
          ],
          [
            113.536545,
            -8.433388
          ],
          [
            113.5367596,
            -8.4336374
          ],
          [
            113.5370225,
            -8.4338762
          ],
          [
            113.5371298,
            -8.4338391
          ],
          [
            113.5371083,
            -8.4335154
          ],
          [
            113.5369956,
            -8.4333244
          ],
          [
            113.5370171,
            -8.4332129
          ],
          [
            113.5370868,
            -8.4331227
          ],
          [
            113.5370761,
            -8.4329051
          ],
          [
            113.5370439,
            -8.432799
          ],
          [
            113.5371458,
            -8.4327513
          ],
          [
            113.537237,
            -8.4328096
          ],
          [
            113.5373604,
            -8.4328468
          ],
          [
            113.5374731,
            -8.4328202
          ],
          [
            113.5375482,
            -8.4327353
          ],
          [
            113.5375482,
            -8.4326239
          ],
          [
            113.5375214,
            -8.4325178
          ],
          [
            113.5373443,
            -8.4323851
          ],
          [
            113.5371298,
            -8.4323639
          ],
          [
            113.5369313,
            -8.4322684
          ],
          [
            113.5368293,
            -8.4322525
          ],
          [
            113.536765,
            -8.4321622
          ],
          [
            113.5367006,
            -8.4318492
          ],
          [
            113.5365665,
            -8.4315467
          ],
          [
            113.5364968,
            -8.4313238
          ],
          [
            113.5364377,
            -8.4312336
          ],
          [
            113.5364163,
            -8.4311275
          ],
          [
            113.5364377,
            -8.4310214
          ],
          [
            113.5364109,
            -8.4309205
          ],
          [
            113.5363412,
            -8.4308356
          ]
        ]
      },
      "id": "way/1263064289"
    }
  ]
}